"source_scope","relative_path","name","extension","bytes","modified_local","sha256","classification","archive_status","zip_entries"
"downloads_football","CONVERTER_MEU_JOGO_MOBILE_PARA_PC_MASTER_CONTEXT_2026-09-11.md","CONVERTER_MEU_JOGO_MOBILE_PARA_PC_MASTER_CONTEXT_2026-09-11.md",".md","14824","2026-09-11T22:12:39","9bab94e8cd58924b86b22c2735f6b0766f359bc587d1a9c4650e93537ef68331","supporting_project_material",,
"downloads_football","FOOTBALL_ANIMATION_RECOVERY_PACK_v1_0.zip","FOOTBALL_ANIMATION_RECOVERY_PACK_v1_0.zip",".zip","104588601","2026-09-11T16:22:37","91a2a6bffeb9739807ab2ae432ed1ee79232db0b4ec4c2862cb0241027273f64","animation_recovery_delivery","readable_zip","1963"
"downloads_football","FOOTBALL_MOBILE_TO_PC_MIGRATION_MASTER_STAGE1_XPLAYABLE.zip","FOOTBALL_MOBILE_TO_PC_MIGRATION_MASTER_STAGE1_XPLAYABLE.zip",".zip","20509708","2026-09-11T12:56:54","516a81372616663b6e0ef0ea290d2cea08314f3ff5186679cb0f60e6adaa8757","migration_delivery","readable_zip","49"
"downloads_football","FOOTBALL_MOBILE_TO_PC_MIGRATION_MASTER_v1.zip","FOOTBALL_MOBILE_TO_PC_MIGRATION_MASTER_v1.zip",".zip","208900550","2026-09-11T13:01:57","50073adf3b26be9e448ca7f6faa063d7ecd070a1fc3bfbb7cdc2b3d1969b0434","migration_delivery","readable_zip","1941"
"downloads_football","FOOTBALL_MOBILE_TO_PC_MIGRATION_MASTER_v1_1.zip","FOOTBALL_MOBILE_TO_PC_MIGRATION_MASTER_v1_1.zip",".zip","157288676","2026-09-11T13:14:35","c1c7d5352f94241c5aed771666ad5f723b24593ac7cf8c3bc9bfb0e7d175e1eb","migration_delivery","readable_zip","4931"
"downloads_football","FOOTBALL_PC_3D_READY_PACK_v0_1.zip","FOOTBALL_PC_3D_READY_PACK_v0_1.zip",".zip","7220246","2026-09-11T13:36:27","5b22f66a75e694405273cdb8647084076f621b7d6cc29fc99045a018423e2ef7","pc_3d_delivery","readable_zip","273"
"downloads_football","FOOTBALL_PC_3D_READY_PACK_v0_2.zip","FOOTBALL_PC_3D_READY_PACK_v0_2.zip",".zip","15126093","2026-09-11T14:16:27","e287e1140dd704479292e5516996484641ed326a027f5c8302577eadd3393226","pc_3d_delivery","readable_zip","277"
"downloads_football","FOOTBALL_PHYSICS_RECOVERY_PACK_v0_2.zip","FOOTBALL_PHYSICS_RECOVERY_PACK_v0_2.zip",".zip","14956086","2026-09-11T16:58:16","7d5cabe5d974f7282ca7126d5c36c7bc71a448275cf144b73625be9fccf415ac","physics_recovery_delivery","readable_zip","375"
"downloads_football","FOOTBALL_PLAYER_ECOSYSTEM_CORE_v0_1.zip","FOOTBALL_PLAYER_ECOSYSTEM_CORE_v0_1.zip",".zip","1469457","2026-09-11T14:36:06","74d6e29c0d68ceb59912e7049f85f1d57f16f225cd6905dd03f28d3756383822","player_systems_delivery","readable_zip","141"
"downloads_football","FOOTBALL_PLAYER_ECOSYSTEM_CORE_v0_2_VISUAL_REGISTRY.zip","FOOTBALL_PLAYER_ECOSYSTEM_CORE_v0_2_VISUAL_REGISTRY.zip",".zip","2591557","2026-09-11T14:55:36","cea86e1e18f7aa58f924302bae542ebf2782217b32594d315aff3ff423efe813","player_systems_delivery","readable_zip","139"
"downloads_football","FOOTBALL_PLAYER_SYSTEMS_REFERENCE_PACK_v0_1.zip","FOOTBALL_PLAYER_SYSTEMS_REFERENCE_PACK_v0_1.zip",".zip","3409699","2026-09-11T14:23:43","46d0d4bf90f3d37bef137cb9be223d66db7b9ea4c03cb13bbaa9f7debf1aad50","player_systems_delivery","readable_zip","214"
"downloads_football","FOOTBALL_VISUAL_PRESENTATION_ARCHITECTURE_v1.zip","FOOTBALL_VISUAL_PRESENTATION_ARCHITECTURE_v1.zip",".zip","17019","2026-09-11T14:46:50","a823b6d83637dc6899041348649f1b9650c060c9407786bcf9cc3e7366838645","visual_delivery","readable_zip","10"
"downloads_football","FOOTBALL_VISUAL_PRODUCTION_ASSET_PACK_v0_1.zip","FOOTBALL_VISUAL_PRODUCTION_ASSET_PACK_v0_1.zip",".zip","73269452","2026-09-11T14:55:34","b0e1336e576c0b9dae8d04d424e706f16b18c18a28ed94b13da129a052d322b1","visual_delivery","readable_zip","1119"
"downloads_football","football-dream-be-a-pro-1-221-5.xapk","football-dream-be-a-pro-1-221-5.xapk",".xapk","509799714","2026-09-10T16:32:27","630a6f1b203bdce7ef2f8053801ee2afe0c77ffceef6bb3e3a23a9d196da3d56","canonical_mobile_1_221_5","readable_zip","5"
"downloads_football","football-dream-be-a-pro-1-226-19.zip","football-dream-be-a-pro-1-226-19.zip",".zip","166757441","2026-09-11T10:44:44","2cddc1a4da4a4cddf28c41a846834252650ac49a2377f9146bca22786579d5c5","isolated_mobile_1_226_19_do_not_merge","readable_zip","7363"
"downloads_football","FUTEBOL_AI_BIBLIA_MESTRE_CANONICA_UNREAL_v2_0_2026-09-12.zip","FUTEBOL_AI_BIBLIA_MESTRE_CANONICA_UNREAL_v2_0_2026-09-12.zip",".zip","106949","2026-09-12T16:35:42","d952c1805a5192c86f0b1fe67617110e6f990eb623b6ce53763c1511e35b854b","project_bible","readable_zip","2"
"downloads_football","FUTEBOL_AI_BIBLIA_MESTRE_v3_0_PACOTE_COMPLETO_UNICO_2026-09-12.zip","FUTEBOL_AI_BIBLIA_MESTRE_v3_0_PACOTE_COMPLETO_UNICO_2026-09-12.zip",".zip","123576","2026-09-12T17:13:20","42b7f2d376e11e8fb0da09b3cd659ed554bcb973b6879d97a7d2a1f1c48439c2","project_bible","readable_zip","5"
"downloads_football","FUTEBOL_AI_MASTER_ARCHIVE_v1_1_2026-09-11 (1).zip","FUTEBOL_AI_MASTER_ARCHIVE_v1_1_2026-09-11 (1).zip",".zip","256072964","2026-09-11T22:20:20","816a7100f7652f65cf42f069bb29b4ed441e28707cf541e4f806957758ebee41","project_master_archive","readable_zip","56"
"downloads_football","FUTEBOL_AI_MASTER_ARCHIVE_v1_1_2026-09-11.zip","FUTEBOL_AI_MASTER_ARCHIVE_v1_1_2026-09-11.zip",".zip","256072964","2026-09-11T09:47:27","816a7100f7652f65cf42f069bb29b4ed441e28707cf541e4f806957758ebee41","project_master_archive","readable_zip","56"
"downloads_football","MEGA_PROMPT_CODEX_GPT6_ASTRA_FOOTBALL_UNIFIED_v4_0 (1).md","MEGA_PROMPT_CODEX_GPT6_ASTRA_FOOTBALL_UNIFIED_v4_0 (1).md",".md","69923","2026-09-12T13:54:26","b645981aeebe99aa9c3899cc80f783918e0ee496ce43b9fa20ebebf7b6bbbfc4","supporting_project_material",,
"downloads_football","MEGA_PROMPT_CODEX_GPT6_ASTRA_FOOTBALL_UNIFIED_v4_0.md","MEGA_PROMPT_CODEX_GPT6_ASTRA_FOOTBALL_UNIFIED_v4_0.md",".md","69923","2026-09-11T22:34:53","b645981aeebe99aa9c3899cc80f783918e0ee496ce43b9fa20ebebf7b6bbbfc4","supporting_project_material",,
"downloads_football","NEYMAR_PSG_2017_PLAYER_CHECKPOINT_v1_2.zip","NEYMAR_PSG_2017_PLAYER_CHECKPOINT_v1_2.zip",".zip","70350724","2026-09-05T05:57:07","7d52f5fa14dd75d9f86e5e32b5a3aea1ad3e6cb2aeacdace2e6fa3bde0f968be","supporting_project_material","readable_zip","34"
"downloads_football","NEYMAR_PSG_2017_PLAYER_CHECKPOINT_v1_3_MESH_PASS.zip","NEYMAR_PSG_2017_PLAYER_CHECKPOINT_v1_3_MESH_PASS.zip",".zip","99741204","2026-09-05T06:25:01","a26e83a58163cdd1f389448d8df969a148ec9a47d1fa54cd8bed82fee64f1f56","supporting_project_material","readable_zip","40"
"downloads_football","NEYMAR_PSG_2017_PLAYER_CHECKPOINT_v1_6_SOCKS_SKIN.zip","NEYMAR_PSG_2017_PLAYER_CHECKPOINT_v1_6_SOCKS_SKIN.zip",".zip","51896361","2026-09-05T13:25:16","2eac9b84eee99746913acfc98aee1a537c6e05751f8e15a796e6e5c7fc1712cf","supporting_project_material","readable_zip","54"
"downloads_football","NEYMAR_PSG_2017_PLAYER_CLEAN_v1.zip","NEYMAR_PSG_2017_PLAYER_CLEAN_v1.zip",".zip","70020363","2026-09-05T05:16:38","948cbdd90cc3cfe7b1a856931afdbb4fb9bd84f485b263a56854c3c051e1d876","supporting_project_material","readable_zip","31"
"downloads_football","NEYMAR_PSG_2017_PLAYER_RUNTIME_v1_9.zip","NEYMAR_PSG_2017_PLAYER_RUNTIME_v1_9.zip",".zip","30113149","2026-09-05T21:16:08","b653e65b9598b784353e3b424d1ba87e1e88a4254a6bd45dfb430f0e72a20f3a","supporting_project_material","readable_zip","12"
"local_recovery","animation-v1_0\FOOTBALL_ANIMATION_RECOVERY_PACK_v1_0\00_DOCUMENTATION\CONTROLLER_TO_PHYSICS.md","CONTROLLER_TO_PHYSICS.md",".md","676","2026-09-11T23:27:42","79753e47badfacceeeab868b49ab52fbaca942edf0ac3e66733ffc655d9fdbe8","animation_recovery_delivery",,
"local_recovery","animation-v1_0\FOOTBALL_ANIMATION_RECOVERY_PACK_v1_0\00_DOCUMENTATION\FORMAT_RECOVERY.md","FORMAT_RECOVERY.md",".md","1186","2026-09-11T23:27:42","2033526d2fca01d1d0ce4d11979197a3d3f4370aeae1ae1f3b0e68cc7d0c02e5","animation_recovery_delivery",,
"local_recovery","animation-v1_0\FOOTBALL_ANIMATION_RECOVERY_PACK_v1_0\00_DOCUMENTATION\README.md","README.md",".md","2063","2026-09-11T23:27:42","e2ae8dbfa3a6b68ee003ba1c67c40f595cbd16a506671f3cc3b3b1871e420f30","animation_recovery_delivery",,
"local_recovery","animation-v1_0\FOOTBALL_ANIMATION_RECOVERY_PACK_v1_0\00_DOCUMENTATION\VALIDATION.md","VALIDATION.md",".md","442","2026-09-11T23:27:42","a4099c2c0ca84898d239e155b87506b4c16cd945b5d45792fd9ed44ec23d7a39","animation_recovery_delivery",,
"local_recovery","animation-v1_0\FOOTBALL_ANIMATION_RECOVERY_PACK_v1_0\01_CONTROLLER\ANIMATION_CATALOG_MAP.csv","ANIMATION_CATALOG_MAP.csv",".csv","348424","2026-09-11T23:27:42","0d82d03f89ffd30cf989351a003ab5e4ceffd5fb6c5c2c650db6187314fe5097","animation_recovery_delivery",,
"local_recovery","animation-v1_0\FOOTBALL_ANIMATION_RECOVERY_PACK_v1_0\01_CONTROLLER\BLEND_PARAMETER_USAGE.csv","BLEND_PARAMETER_USAGE.csv",".csv","225","2026-09-11T23:27:42","1646c1f560c68dbc5169a7f5447142f812a40d513bceb87355093e8c314a5da9","animation_recovery_delivery",,
"local_recovery","animation-v1_0\FOOTBALL_ANIMATION_RECOVERY_PACK_v1_0\01_CONTROLLER\BLEND_TREE_EDGES.csv","BLEND_TREE_EDGES.csv",".csv","4270822","2026-09-11T23:27:42","d0a1454074af1538af8822c0919786fbce4490eb04b5c071a8e7adc7097cb485","animation_recovery_delivery",,
"local_recovery","animation-v1_0\FOOTBALL_ANIMATION_RECOVERY_PACK_v1_0\01_CONTROLLER\COFMOTION_INDEX.csv","COFMOTION_INDEX.csv",".csv","742902","2026-09-11T23:27:42","b2c627136362bbc56b653bdfb79bda66b39e66342a6bb32aa3da5f6b17e7abb8","animation_recovery_delivery",,
"local_recovery","animation-v1_0\FOOTBALL_ANIMATION_RECOVERY_PACK_v1_0\01_CONTROLLER\CONTACT_EVENT_CANDIDATES.csv","CONTACT_EVENT_CANDIDATES.csv",".csv","2512598","2026-09-11T23:27:42","22536d712b1ba7c67d184ed81a4e94b64e9860fcd07954f826a4ef90d9f9d88a","animation_recovery_delivery",,
"local_recovery","animation-v1_0\FOOTBALL_ANIMATION_RECOVERY_PACK_v1_0\01_CONTROLLER\controller.ctrl","controller.ctrl",".ctrl","990249","2026-09-11T23:27:42","21ab2bcb48ac64f62533a75860bcc4155b214ceb97145912dc0c739876d6b514","animation_recovery_delivery",,
"local_recovery","animation-v1_0\FOOTBALL_ANIMATION_RECOVERY_PACK_v1_0\01_CONTROLLER\CONTROLLER_MOTION_MAP.csv","CONTROLLER_MOTION_MAP.csv",".csv","2171269","2026-09-11T23:27:42","be046d286418e5dca12f7668ef131affed720423020978c7c8cbff56696e7236","animation_recovery_delivery",,
"local_recovery","animation-v1_0\FOOTBALL_ANIMATION_RECOVERY_PACK_v1_0\01_CONTROLLER\CONTROLLER_STATE_INDEX.csv","CONTROLLER_STATE_INDEX.csv",".csv","1811021","2026-09-11T23:27:42","219af2fdc6eec9370c65850490129ab421d74a9dda7de188d0f94a26010fa22a","animation_recovery_delivery",,
"local_recovery","animation-v1_0\FOOTBALL_ANIMATION_RECOVERY_PACK_v1_0\01_CONTROLLER\CONTROLLER_STATS.json","CONTROLLER_STATS.json",".json","1138","2026-09-11T23:27:42","340b0fb8d2d66b524832c1bcae69e48835e926714672978cbdd203d0161c122c","animation_recovery_delivery",,
"local_recovery","animation-v1_0\FOOTBALL_ANIMATION_RECOVERY_PACK_v1_0\02_COFMOTION\examples\GK_LongKick.cofmotion.json","GK_LongKick.cofmotion.json",".json","20333","2026-09-11T23:27:42","45c624b24febb80834f8b870d2165a84cc718eb526625d2267f398db1b19a00a","animation_recovery_delivery",,
"local_recovery","animation-v1_0\FOOTBALL_ANIMATION_RECOVERY_PACK_v1_0\02_COFMOTION\examples\intercept_RunHihg_front_0.2_-1.8_0.5_R.cofmotion.json","intercept_RunHihg_front_0.2_-1.8_0.5_R.cofmotion.json",".json","9334","2026-09-11T23:27:42","6d3093b9dead9d2b9aea860176e93ae7d3777d14ffdd9ed7b471564c453d715b","animation_recovery_delivery",,
"local_recovery","animation-v1_0\FOOTBALL_ANIMATION_RECOVERY_PACK_v1_0\02_COFMOTION\examples\manifest.json","manifest.json",".json","2587","2026-09-11T23:27:42","65e141522984b6317a6228b0f1df05752cd39b0425a0044248715a6e2ef90800","animation_recovery_delivery",,
"local_recovery","animation-v1_0\FOOTBALL_ANIMATION_RECOVERY_PACK_v1_0\02_COFMOTION\examples\Run_Marseilleturn_0.3_-1.3.cofmotion.json","Run_Marseilleturn_0.3_-1.3.cofmotion.json",".json","15890","2026-09-11T23:27:42","2967a0758426dc4e42e0e73e4dbeb6279a83df82f0d52a41bfac8a5a315bdf50","animation_recovery_delivery",,
"local_recovery","animation-v1_0\FOOTBALL_ANIMATION_RECOVERY_PACK_v1_0\02_COFMOTION\examples\SkillDribble_Slow_LeftFalseRightTrueA_-0.3_-0.3.cofmotion.json","SkillDribble_Slow_LeftFalseRightTrueA_-0.3_-0.3.cofmotion.json",".json","11753","2026-09-11T23:27:42","18ce0652863dd8b7e9705f346d389b8e8d496d379b21a908105e5e8195dffa66","animation_recovery_delivery",,
"local_recovery","animation-v1_0\FOOTBALL_ANIMATION_RECOVERY_PACK_v1_0\02_COFMOTION\examples\slidetackle_side_1.5_-0.6.cofmotion.json","slidetackle_side_1.5_-0.6.cofmotion.json",".json","15312","2026-09-11T23:27:42","5eb5e95d75caf6608679c6580b2b2bf9e92d122b280143bd38c07d9733c5b70b","animation_recovery_delivery",,
"local_recovery","animation-v1_0\FOOTBALL_ANIMATION_RECOVERY_PACK_v1_0\02_COFMOTION\examples\Throwin_Setout_0.cofmotion.json","Throwin_Setout_0.cofmotion.json",".json","7608","2026-09-11T23:27:42","c92f72133a67295d4b3ca9ad3dc1d013c6ed833da1719f3575614ebb613cd259","animation_recovery_delivery",,
"local_recovery","animation-v1_0\FOOTBALL_ANIMATION_RECOVERY_PACK_v1_0\02_COFMOTION\examples\Walk_b_max_TurnLeft.cofmotion.json","Walk_b_max_TurnLeft.cofmotion.json",".json","8337","2026-09-11T23:27:42","49299515848ca235df860ab258864715143bf34ea371a74a62aa6913857a4571","animation_recovery_delivery",,
"local_recovery","animation-v1_0\FOOTBALL_ANIMATION_RECOVERY_PACK_v1_0\02_COFMOTION\source\controller\controller.ctrl","controller.ctrl",".ctrl","990249","2026-09-11T23:27:42","21ab2bcb48ac64f62533a75860bcc4155b214ceb97145912dc0c739876d6b514","animation_recovery_delivery",,
"local_recovery","animation-v1_0\FOOTBALL_ANIMATION_RECOVERY_PACK_v1_0\03_XPLAYABLE\recovered\ballrolltoside\animationclip_object.bin","animationclip_object.bin",".bin","261620","2026-09-11T23:27:44","e0573087cfd0eeb69aec40decdef7c8937a0869e40c98095591b5aeda548f645","animation_recovery_delivery",,
"local_recovery","animation-v1_0\FOOTBALL_ANIMATION_RECOVERY_PACK_v1_0\03_XPLAYABLE\recovered\ballrolltoside\bindings.csv","bindings.csv",".csv","29500","2026-09-11T23:27:44","a2917e409b359fd1a9dd4a625ca64ec221f3e66c79d08e9a18ddad7858aa905a","animation_recovery_delivery",,
"local_recovery","animation-v1_0\FOOTBALL_ANIMATION_RECOVERY_PACK_v1_0\03_XPLAYABLE\recovered\ballrolltoside\constant_f32.bin","constant_f32.bin",".bin","3476","2026-09-11T23:27:44","aa7fc33cab744d5c3290247ce2dc9fc0c4464694680fc047a43f16d3eab231e5","animation_recovery_delivery",,
"local_recovery","animation-v1_0\FOOTBALL_ANIMATION_RECOVERY_PACK_v1_0\03_XPLAYABLE\recovered\ballrolltoside\dense_f32.bin","dense_f32.bin",".bin","0","2026-09-11T23:27:44","e3b0c44298fc1c149afbf4c8996fb92427ae41e4649b934ca495991b7852b855","animation_recovery_delivery",,
"local_recovery","animation-v1_0\FOOTBALL_ANIMATION_RECOVERY_PACK_v1_0\03_XPLAYABLE\recovered\ballrolltoside\metadata.json","metadata.json",".json","3620","2026-09-11T23:27:45","5d5484ef8eff884968aab2c6667f5308fe95bbf654dfee2c6eda3e550186f8c1","animation_recovery_delivery",,
"local_recovery","animation-v1_0\FOOTBALL_ANIMATION_RECOVERY_PACK_v1_0\03_XPLAYABLE\recovered\ballrolltoside\streamed_u32.bin","streamed_u32.bin",".bin","236076","2026-09-11T23:27:45","34446014b9054879927ace646fba670cbfa368c1d32ad2f1204296c471cea83e","animation_recovery_delivery",,
"local_recovery","animation-v1_0\FOOTBALL_ANIMATION_RECOVERY_PACK_v1_0\03_XPLAYABLE\recovered\breakthrough\animationclip_object.bin","animationclip_object.bin",".bin","274224","2026-09-11T23:27:45","2744fa5c477972f7557b2aaf25e94cd2219f708e4c713c0411493a22e17d06b6","animation_recovery_delivery",,
"local_recovery","animation-v1_0\FOOTBALL_ANIMATION_RECOVERY_PACK_v1_0\03_XPLAYABLE\recovered\breakthrough\bindings.csv","bindings.csv",".csv","29500","2026-09-11T23:27:45","4227c86a076ed6ed75db2009403030da85c15ca89b4ce708aca074d063abcfb9","animation_recovery_delivery",,
"local_recovery","animation-v1_0\FOOTBALL_ANIMATION_RECOVERY_PACK_v1_0\03_XPLAYABLE\recovered\breakthrough\constant_f32.bin","constant_f32.bin",".bin","3448","2026-09-11T23:27:45","39f60ab81bcec0c05456c70ff22af7f7022025ff6239bd0800bffe23d65bc341","animation_recovery_delivery",,
"local_recovery","animation-v1_0\FOOTBALL_ANIMATION_RECOVERY_PACK_v1_0\03_XPLAYABLE\recovered\breakthrough\dense_f32.bin","dense_f32.bin",".bin","0","2026-09-11T23:27:45","e3b0c44298fc1c149afbf4c8996fb92427ae41e4649b934ca495991b7852b855","animation_recovery_delivery",,
"local_recovery","animation-v1_0\FOOTBALL_ANIMATION_RECOVERY_PACK_v1_0\03_XPLAYABLE\recovered\breakthrough\metadata.json","metadata.json",".json","3614","2026-09-11T23:27:45","d308b0f692f390f97353b5ad774a4527f309c211b565c9e3e1e83b1eb9373e7d","animation_recovery_delivery",,
"local_recovery","animation-v1_0\FOOTBALL_ANIMATION_RECOVERY_PACK_v1_0\03_XPLAYABLE\recovered\breakthrough\streamed_u32.bin","streamed_u32.bin",".bin","248712","2026-09-11T23:27:45","e0eeffb3c661dd534cfc3e861b9c401144c17d9ecdbb2e15a9cedbbcff020a47","animation_recovery_delivery",,
"local_recovery","animation-v1_0\FOOTBALL_ANIMATION_RECOVERY_PACK_v1_0\03_XPLAYABLE\recovered\dianqiu_c_2_2\animationclip_object.bin","animationclip_object.bin",".bin","1996776","2026-09-11T23:27:45","b57b490b0b8be516bdc511bd1ea16d520b08cceb3afd8e724b3ea6bed3b8d14d","animation_recovery_delivery",,
"local_recovery","animation-v1_0\FOOTBALL_ANIMATION_RECOVERY_PACK_v1_0\03_XPLAYABLE\recovered\dianqiu_c_2_2\bindings.csv","bindings.csv",".csv","16779","2026-09-11T23:27:45","6c578fb684a9b566e86df9539bb96e04a2ae5f7887a9f9cac7aee72517cb4d1c","animation_recovery_delivery",,
"local_recovery","animation-v1_0\FOOTBALL_ANIMATION_RECOVERY_PACK_v1_0\03_XPLAYABLE\recovered\dianqiu_c_2_2\constant_f32.bin","constant_f32.bin",".bin","68","2026-09-11T23:27:45","5e799d56fbe42ef996f4681b1ec38dce8d5c89b5e20f1abd07dc2bb67599588f","animation_recovery_delivery",,
"local_recovery","animation-v1_0\FOOTBALL_ANIMATION_RECOVERY_PACK_v1_0\03_XPLAYABLE\recovered\dianqiu_c_2_2\dense_f32.bin","dense_f32.bin",".bin","0","2026-09-11T23:27:45","e3b0c44298fc1c149afbf4c8996fb92427ae41e4649b934ca495991b7852b855","animation_recovery_delivery",,
"local_recovery","animation-v1_0\FOOTBALL_ANIMATION_RECOVERY_PACK_v1_0\03_XPLAYABLE\recovered\dianqiu_c_2_2\metadata.json","metadata.json",".json","1614","2026-09-11T23:27:45","aac2a1cb5e1b961fd6a265165453bb957004497d24a9e36e3b8738124a57f1cb","animation_recovery_delivery",,
"local_recovery","animation-v1_0\FOOTBALL_ANIMATION_RECOVERY_PACK_v1_0\03_XPLAYABLE\recovered\dianqiu_c_2_2\streamed_u32.bin","streamed_u32.bin",".bin","1987408","2026-09-11T23:27:45","8eb98516fa800be91ca87a7f03b01f830967c4b7fa7848f22bae1f249945b4d7","animation_recovery_delivery",,
"local_recovery","animation-v1_0\FOOTBALL_ANIMATION_RECOVERY_PACK_v1_0\03_XPLAYABLE\recovered\dribble\animationclip_object.bin","animationclip_object.bin",".bin","452260","2026-09-11T23:27:45","e3cdc6c7b0c5ed85464184f578e64f7dc30274377e549b476db42a213d7341b7","animation_recovery_delivery",,
"local_recovery","animation-v1_0\FOOTBALL_ANIMATION_RECOVERY_PACK_v1_0\03_XPLAYABLE\recovered\dribble\bindings.csv","bindings.csv",".csv","16263","2026-09-11T23:27:45","dd038d93166692188157c3e70d4ec5ee4e1cb29c0be074e845456adbd842fde8","animation_recovery_delivery",,
"local_recovery","animation-v1_0\FOOTBALL_ANIMATION_RECOVERY_PACK_v1_0\03_XPLAYABLE\recovered\dribble\constant_f32.bin","constant_f32.bin",".bin","176","2026-09-11T23:27:45","efe79b8a44f2ddc052c6d4f7fc0ac118dde0a5e48eb909a9b687fd238e3789c4","animation_recovery_delivery",,
"local_recovery","animation-v1_0\FOOTBALL_ANIMATION_RECOVERY_PACK_v1_0\03_XPLAYABLE\recovered\dribble\dense_f32.bin","dense_f32.bin",".bin","0","2026-09-11T23:27:45","e3b0c44298fc1c149afbf4c8996fb92427ae41e4649b934ca495991b7852b855","animation_recovery_delivery",,
"local_recovery","animation-v1_0\FOOTBALL_ANIMATION_RECOVERY_PACK_v1_0\03_XPLAYABLE\recovered\dribble\metadata.json","metadata.json",".json","1558","2026-09-11T23:27:45","4172c8c8906e7a26a250a893b16c823cb0e70b68925e78599580ec9c49e675df","animation_recovery_delivery",,
"local_recovery","animation-v1_0\FOOTBALL_ANIMATION_RECOVERY_PACK_v1_0\03_XPLAYABLE\recovered\dribble\streamed_u32.bin","streamed_u32.bin",".bin","443240","2026-09-11T23:27:45","57d5ed7a33aee8a35a86e79e2d89ee6bac2b721209214c73815583d592caa035","animation_recovery_delivery",,
"local_recovery","animation-v1_0\FOOTBALL_ANIMATION_RECOVERY_PACK_v1_0\03_XPLAYABLE\recovered\floralfeet\animationclip_object.bin","animationclip_object.bin",".bin","229328","2026-09-11T23:27:45","347d1994eeac6bed4d3b9b4eaedb13aeb26b3759ee13566f751c6f4c3893b99c","animation_recovery_delivery",,
"local_recovery","animation-v1_0\FOOTBALL_ANIMATION_RECOVERY_PACK_v1_0\03_XPLAYABLE\recovered\floralfeet\bindings.csv","bindings.csv",".csv","29500","2026-09-11T23:27:45","4a3b9fa7ca8f8430918bd15ec99fa002884cdd9ab88bb668562b2b7500726f3b","animation_recovery_delivery",,
"local_recovery","animation-v1_0\FOOTBALL_ANIMATION_RECOVERY_PACK_v1_0\03_XPLAYABLE\recovered\floralfeet\constant_f32.bin","constant_f32.bin",".bin","3460","2026-09-11T23:27:45","210000ca95f4fe059aa60f7ebec2fe640c17b455703acc2de948f88b21289e3e","animation_recovery_delivery",,
"local_recovery","animation-v1_0\FOOTBALL_ANIMATION_RECOVERY_PACK_v1_0\03_XPLAYABLE\recovered\floralfeet\dense_f32.bin","dense_f32.bin",".bin","0","2026-09-11T23:27:45","e3b0c44298fc1c149afbf4c8996fb92427ae41e4649b934ca495991b7852b855","animation_recovery_delivery",,
"local_recovery","animation-v1_0\FOOTBALL_ANIMATION_RECOVERY_PACK_v1_0\03_XPLAYABLE\recovered\floralfeet\metadata.json","metadata.json",".json","3608","2026-09-11T23:27:45","4c7c545a8f9def326ab24f42555bc01b65e56516769c57aa26f6b85ecafe8458","animation_recovery_delivery",,
"local_recovery","animation-v1_0\FOOTBALL_ANIMATION_RECOVERY_PACK_v1_0\03_XPLAYABLE\recovered\floralfeet\streamed_u32.bin","streamed_u32.bin",".bin","203804","2026-09-11T23:27:45","ce46464cc6872f90ed483e1ca328a2b3b503e2ddb29efefbc8dcfa1c4e20316d","animation_recovery_delivery",,
"local_recovery","animation-v1_0\FOOTBALL_ANIMATION_RECOVERY_PACK_v1_0\03_XPLAYABLE\recovered\gk\animationclip_object.bin","animationclip_object.bin",".bin","342684","2026-09-11T23:27:45","25bb1c3c48ec4a7d9cdf3f91eeeff1d52c1efdc23e56e8a55679c6eb0a819c51","animation_recovery_delivery",,
"local_recovery","animation-v1_0\FOOTBALL_ANIMATION_RECOVERY_PACK_v1_0\03_XPLAYABLE\recovered\gk\bindings.csv","bindings.csv",".csv","16263","2026-09-11T23:27:45","d7377c313d03b12db0166df7467f5f90ad13d1d802ba87034f0b1a9461f31169","animation_recovery_delivery",,
"local_recovery","animation-v1_0\FOOTBALL_ANIMATION_RECOVERY_PACK_v1_0\03_XPLAYABLE\recovered\gk\constant_f32.bin","constant_f32.bin",".bin","144","2026-09-11T23:27:45","112019d43ea76dc2a33f134119bf90f43ca9478c2e875e419bb469eb4153423c","animation_recovery_delivery",,
"local_recovery","animation-v1_0\FOOTBALL_ANIMATION_RECOVERY_PACK_v1_0\03_XPLAYABLE\recovered\gk\dense_f32.bin","dense_f32.bin",".bin","0","2026-09-11T23:27:45","e3b0c44298fc1c149afbf4c8996fb92427ae41e4649b934ca495991b7852b855","animation_recovery_delivery",,
"local_recovery","animation-v1_0\FOOTBALL_ANIMATION_RECOVERY_PACK_v1_0\03_XPLAYABLE\recovered\gk\metadata.json","metadata.json",".json","1544","2026-09-11T23:27:45","977990b3fb29829f3611a36884dfc52e60a73e6daef06ed4474466387ed062d7","animation_recovery_delivery",,
"local_recovery","animation-v1_0\FOOTBALL_ANIMATION_RECOVERY_PACK_v1_0\03_XPLAYABLE\recovered\gk\streamed_u32.bin","streamed_u32.bin",".bin","333700","2026-09-11T23:27:45","379f54c7ebc44e5a1e003c17cc9b4a8a16e8b804677bb174d8a0ca58fe7d75e2","animation_recovery_delivery",,
"local_recovery","animation-v1_0\FOOTBALL_ANIMATION_RECOVERY_PACK_v1_0\03_XPLAYABLE\recovered\handsarms\animationclip_object.bin","animationclip_object.bin",".bin","1156096","2026-09-11T23:27:45","6b23e2cd0bff594ae4985a8cfac6359a161ae26c8389ab0411a2ae6c491ea2d9","animation_recovery_delivery",,
"local_recovery","animation-v1_0\FOOTBALL_ANIMATION_RECOVERY_PACK_v1_0\03_XPLAYABLE\recovered\handsarms\bindings.csv","bindings.csv",".csv","16997","2026-09-11T23:27:45","17fc2e59b5d35eab487bf4bfe0d64c1b124a1b19ced47d792be1e3cee846c0a6","animation_recovery_delivery",,
"local_recovery","animation-v1_0\FOOTBALL_ANIMATION_RECOVERY_PACK_v1_0\03_XPLAYABLE\recovered\handsarms\constant_f32.bin","constant_f32.bin",".bin","208","2026-09-11T23:27:45","444e2e49240bda49df23624492010b80d3a202f24e10fa290ff89420c903e109","animation_recovery_delivery",,
"local_recovery","animation-v1_0\FOOTBALL_ANIMATION_RECOVERY_PACK_v1_0\03_XPLAYABLE\recovered\handsarms\dense_f32.bin","dense_f32.bin",".bin","0","2026-09-11T23:27:45","e3b0c44298fc1c149afbf4c8996fb92427ae41e4649b934ca495991b7852b855","animation_recovery_delivery",,
"local_recovery","animation-v1_0\FOOTBALL_ANIMATION_RECOVERY_PACK_v1_0\03_XPLAYABLE\recovered\handsarms\metadata.json","metadata.json",".json","1639","2026-09-11T23:27:45","6f9c1bac5edb10eaa003141c327f039dbb1cccb9f6099125cd42d5430ac124ca","animation_recovery_delivery",,
"local_recovery","animation-v1_0\FOOTBALL_ANIMATION_RECOVERY_PACK_v1_0\03_XPLAYABLE\recovered\handsarms\streamed_u32.bin","streamed_u32.bin",".bin","1146368","2026-09-11T23:27:45","63d6a8a7696ec50cdc7d9f21c320bac9871860b091804216fdd8db0175e5a07a","animation_recovery_delivery",,
"local_recovery","animation-v1_0\FOOTBALL_ANIMATION_RECOVERY_PACK_v1_0\03_XPLAYABLE\recovered\handsarms_stand\animationclip_object.bin","animationclip_object.bin",".bin","671692","2026-09-11T23:27:45","2dcd7025309823d45f31c71284dc1b6948fc5b658a3c9d9830584c6bd08d99d6","animation_recovery_delivery",,
"local_recovery","animation-v1_0\FOOTBALL_ANIMATION_RECOVERY_PACK_v1_0\03_XPLAYABLE\recovered\handsarms_stand\bindings.csv","bindings.csv",".csv","16997","2026-09-11T23:27:45","17fc2e59b5d35eab487bf4bfe0d64c1b124a1b19ced47d792be1e3cee846c0a6","animation_recovery_delivery",,
"local_recovery","animation-v1_0\FOOTBALL_ANIMATION_RECOVERY_PACK_v1_0\03_XPLAYABLE\recovered\handsarms_stand\constant_f32.bin","constant_f32.bin",".bin","208","2026-09-11T23:27:45","9042049b9362f2ea9016246fac9b39b132dd014aea0dc314508a83003e80730b","animation_recovery_delivery",,
"local_recovery","animation-v1_0\FOOTBALL_ANIMATION_RECOVERY_PACK_v1_0\03_XPLAYABLE\recovered\handsarms_stand\dense_f32.bin","dense_f32.bin",".bin","0","2026-09-11T23:27:45","e3b0c44298fc1c149afbf4c8996fb92427ae41e4649b934ca495991b7852b855","animation_recovery_delivery",,
"local_recovery","animation-v1_0\FOOTBALL_ANIMATION_RECOVERY_PACK_v1_0\03_XPLAYABLE\recovered\handsarms_stand\metadata.json","metadata.json",".json","1653","2026-09-11T23:27:45","ba0e0f5b1203639356e3316e39520e68ec614726c5c1c11446728148d0b474f5","animation_recovery_delivery",,
"local_recovery","animation-v1_0\FOOTBALL_ANIMATION_RECOVERY_PACK_v1_0\03_XPLAYABLE\recovered\handsarms_stand\streamed_u32.bin","streamed_u32.bin",".bin","661960","2026-09-11T23:27:45","0fbf5f8c44e91f26bf7a5636b21e0464cfe29c3808607f2be473088192711732","animation_recovery_delivery",,
"local_recovery","animation-v1_0\FOOTBALL_ANIMATION_RECOVERY_PACK_v1_0\03_XPLAYABLE\recovered\idle1\animationclip_object.bin","animationclip_object.bin",".bin","678228","2026-09-11T23:27:45","86c50468cb6f03e88a872536857e85ab3bf82dd89507b106715af44e23776520","animation_recovery_delivery",,
"local_recovery","animation-v1_0\FOOTBALL_ANIMATION_RECOVERY_PACK_v1_0\03_XPLAYABLE\recovered\idle1\bindings.csv","bindings.csv",".csv","16997","2026-09-11T23:27:45","851c52f451dddc4ea3d0defdabc74ea1ac9bfb00f6377f888d21f7a40a89d7cc","animation_recovery_delivery",,
"local_recovery","animation-v1_0\FOOTBALL_ANIMATION_RECOVERY_PACK_v1_0\03_XPLAYABLE\recovered\idle1\constant_f32.bin","constant_f32.bin",".bin","192","2026-09-11T23:27:45","4e318e8fb2da5ef59659bfea457e33475265efef4902ca359b27c03f001349c5","animation_recovery_delivery",,
"local_recovery","animation-v1_0\FOOTBALL_ANIMATION_RECOVERY_PACK_v1_0\03_XPLAYABLE\recovered\idle1\dense_f32.bin","dense_f32.bin",".bin","0","2026-09-11T23:27:45","e3b0c44298fc1c149afbf4c8996fb92427ae41e4649b934ca495991b7852b855","animation_recovery_delivery",,
"local_recovery","animation-v1_0\FOOTBALL_ANIMATION_RECOVERY_PACK_v1_0\03_XPLAYABLE\recovered\idle1\metadata.json","metadata.json",".json","1623","2026-09-11T23:27:45","dcae08874868fb806697eedfd4a6d361b70b54b7d1a110ae9bd521596ae5d896","animation_recovery_delivery",,
"local_recovery","animation-v1_0\FOOTBALL_ANIMATION_RECOVERY_PACK_v1_0\03_XPLAYABLE\recovered\idle1\streamed_u32.bin","streamed_u32.bin",".bin","668520","2026-09-11T23:27:45","3cf2dd3aa64a0818994dbe1acfd96d957cd9ffd56e5cf729881199ab5597e70a","animation_recovery_delivery",,
"local_recovery","animation-v1_0\FOOTBALL_ANIMATION_RECOVERY_PACK_v1_0\03_XPLAYABLE\recovered\idle2\animationclip_object.bin","animationclip_object.bin",".bin","678228","2026-09-11T23:27:45","21b62ace55eae86ea93f26d546ee0843d7dc4f0056e24de23a4953e9f1d3b8e6","animation_recovery_delivery",,
"local_recovery","animation-v1_0\FOOTBALL_ANIMATION_RECOVERY_PACK_v1_0\03_XPLAYABLE\recovered\idle2\bindings.csv","bindings.csv",".csv","16997","2026-09-11T23:27:45","851c52f451dddc4ea3d0defdabc74ea1ac9bfb00f6377f888d21f7a40a89d7cc","animation_recovery_delivery",,
"local_recovery","animation-v1_0\FOOTBALL_ANIMATION_RECOVERY_PACK_v1_0\03_XPLAYABLE\recovered\idle2\constant_f32.bin","constant_f32.bin",".bin","192","2026-09-11T23:27:45","434bf7a29f4b711ec124db03d54a2b3825520137766eb82ce6dec309353ddf72","animation_recovery_delivery",,
"local_recovery","animation-v1_0\FOOTBALL_ANIMATION_RECOVERY_PACK_v1_0\03_XPLAYABLE\recovered\idle2\dense_f32.bin","dense_f32.bin",".bin","0","2026-09-11T23:27:45","e3b0c44298fc1c149afbf4c8996fb92427ae41e4649b934ca495991b7852b855","animation_recovery_delivery",,
"local_recovery","animation-v1_0\FOOTBALL_ANIMATION_RECOVERY_PACK_v1_0\03_XPLAYABLE\recovered\idle2\metadata.json","metadata.json",".json","1623","2026-09-11T23:27:45","c4203690ff152c8ff64ed66cad7b1ac0dceddde1dced76b655f13bba511ead93","animation_recovery_delivery",,
"local_recovery","animation-v1_0\FOOTBALL_ANIMATION_RECOVERY_PACK_v1_0\03_XPLAYABLE\recovered\idle2\streamed_u32.bin","streamed_u32.bin",".bin","668520","2026-09-11T23:27:45","028d97b183d448bfc450b477eae2580f25487eab2ebafabda5983a8ef7ab6cfa","animation_recovery_delivery",,
"local_recovery","animation-v1_0\FOOTBALL_ANIMATION_RECOVERY_PACK_v1_0\03_XPLAYABLE\recovered\jinjiefail\animationclip_object.bin","animationclip_object.bin",".bin","167728","2026-09-11T23:27:46","a73ef57cb0036bf91df60fe3a8a4ecdd6480b42973fb1c51d1f474d8cb4d6e10","animation_recovery_delivery",,
"local_recovery","animation-v1_0\FOOTBALL_ANIMATION_RECOVERY_PACK_v1_0\03_XPLAYABLE\recovered\jinjiefail\bindings.csv","bindings.csv",".csv","16263","2026-09-11T23:27:46","a09294b35d605b2682ceb8d3e8ff92d010a3b6de4abba815f3d5d3959434b0b7","animation_recovery_delivery",,
"local_recovery","animation-v1_0\FOOTBALL_ANIMATION_RECOVERY_PACK_v1_0\03_XPLAYABLE\recovered\jinjiefail\constant_f32.bin","constant_f32.bin",".bin","232","2026-09-11T23:27:46","cd5ac2ee695b675be326581df252c8929a484c08afbd138c52cf82c29e583075","animation_recovery_delivery",,
"local_recovery","animation-v1_0\FOOTBALL_ANIMATION_RECOVERY_PACK_v1_0\03_XPLAYABLE\recovered\jinjiefail\dense_f32.bin","dense_f32.bin",".bin","99552","2026-09-11T23:27:46","fe34387923395f50d76c190c19056bb678ab0bfd63ca5a45e1208f91eaa40cc1","animation_recovery_delivery",,
"local_recovery","animation-v1_0\FOOTBALL_ANIMATION_RECOVERY_PACK_v1_0\03_XPLAYABLE\recovered\jinjiefail\metadata.json","metadata.json",".json","1544","2026-09-11T23:27:46","eb95e17d247ecbf85f94546e3bd38ca17edf2f86aefd6c78fb164b0eb36e4d6a","animation_recovery_delivery",,
"local_recovery","animation-v1_0\FOOTBALL_ANIMATION_RECOVERY_PACK_v1_0\03_XPLAYABLE\recovered\jinjiefail\streamed_u32.bin","streamed_u32.bin",".bin","59096","2026-09-11T23:27:46","b061c5be9283bed2b1e919a5abe413c4724101abbe606013909ba710c9789a6d","animation_recovery_delivery",,
"local_recovery","animation-v1_0\FOOTBALL_ANIMATION_RECOVERY_PACK_v1_0\03_XPLAYABLE\recovered\jinjieidle\animationclip_object.bin","animationclip_object.bin",".bin","41788","2026-09-11T23:27:46","1b2c6f7f71b9b25b414e2b12ea459db3f6c491e63789e0ab14e844b0f74b8bdc","animation_recovery_delivery",,
"local_recovery","animation-v1_0\FOOTBALL_ANIMATION_RECOVERY_PACK_v1_0\03_XPLAYABLE\recovered\jinjieidle\bindings.csv","bindings.csv",".csv","16263","2026-09-11T23:27:46","703d45749008391a5e6f68f5d31ad3fe0344dfbb6f3c3b7fb3aa35ef0610d263","animation_recovery_delivery",,
"local_recovery","animation-v1_0\FOOTBALL_ANIMATION_RECOVERY_PACK_v1_0\03_XPLAYABLE\recovered\jinjieidle\constant_f32.bin","constant_f32.bin",".bin","936","2026-09-11T23:27:46","cf5e81b2d07c05f673b765c5ae44f18e435118d8b49e64d1a10063cde358c60b","animation_recovery_delivery",,
"local_recovery","animation-v1_0\FOOTBALL_ANIMATION_RECOVERY_PACK_v1_0\03_XPLAYABLE\recovered\jinjieidle\dense_f32.bin","dense_f32.bin",".bin","21576","2026-09-11T23:27:46","6b810739a15d1b94c0a06edab56390c0030f6fe2c2a5b9718006fcb365a7d9c0","animation_recovery_delivery",,
"local_recovery","animation-v1_0\FOOTBALL_ANIMATION_RECOVERY_PACK_v1_0\03_XPLAYABLE\recovered\jinjieidle\metadata.json","metadata.json",".json","1536","2026-09-11T23:27:46","8db0b76906716bc072fac7820a65eb78d50dc0ad1e24a06d608354b47bc99e21","animation_recovery_delivery",,
"local_recovery","animation-v1_0\FOOTBALL_ANIMATION_RECOVERY_PACK_v1_0\03_XPLAYABLE\recovered\jinjieidle\streamed_u32.bin","streamed_u32.bin",".bin","10428","2026-09-11T23:27:46","da1a3e7c80bd555a9f7069ad580909d56dd785a7730d7ad5805841989e2cd3e3","animation_recovery_delivery",,
"local_recovery","animation-v1_0\FOOTBALL_ANIMATION_RECOVERY_PACK_v1_0\03_XPLAYABLE\recovered\jinjiesuccess\animationclip_object.bin","animationclip_object.bin",".bin","217604","2026-09-11T23:27:46","af6445236353999207dad35926b467bf3644700c57552a2f86dda328dc1c3d21","animation_recovery_delivery",,
"local_recovery","animation-v1_0\FOOTBALL_ANIMATION_RECOVERY_PACK_v1_0\03_XPLAYABLE\recovered\jinjiesuccess\bindings.csv","bindings.csv",".csv","16263","2026-09-11T23:27:46","b90d7416f2e4fd012a09ef7ba9f01776706ab469de8f10f868a58e12ceb75b96","animation_recovery_delivery",,
"local_recovery","animation-v1_0\FOOTBALL_ANIMATION_RECOVERY_PACK_v1_0\03_XPLAYABLE\recovered\jinjiesuccess\constant_f32.bin","constant_f32.bin",".bin","220","2026-09-11T23:27:46","e0722e3a88c5b846b82df77839e9deaa549357ed23d668b6a09d3819a2e985af","animation_recovery_delivery",,
"local_recovery","animation-v1_0\FOOTBALL_ANIMATION_RECOVERY_PACK_v1_0\03_XPLAYABLE\recovered\jinjiesuccess\dense_f32.bin","dense_f32.bin",".bin","177536","2026-09-11T23:27:46","1270394b0116e487f32b8cf0684557137d3c744c058efbcb72f22f331fd39202","animation_recovery_delivery",,
"local_recovery","animation-v1_0\FOOTBALL_ANIMATION_RECOVERY_PACK_v1_0\03_XPLAYABLE\recovered\jinjiesuccess\metadata.json","metadata.json",".json","1579","2026-09-11T23:27:46","ff8ee327ba17609f78244b84118acce17f73866124867ea996d7685ebcad2833","animation_recovery_delivery",,
"local_recovery","animation-v1_0\FOOTBALL_ANIMATION_RECOVERY_PACK_v1_0\03_XPLAYABLE\recovered\jinjiesuccess\streamed_u32.bin","streamed_u32.bin",".bin","30996","2026-09-11T23:27:46","87417b20b7a382e748972b95e440a500295c617f6b846addf246000d28f08537","animation_recovery_delivery",,
"local_recovery","animation-v1_0\FOOTBALL_ANIMATION_RECOVERY_PACK_v1_0\03_XPLAYABLE\recovered\jinjiewait\animationclip_object.bin","animationclip_object.bin",".bin","301832","2026-09-11T23:27:46","62397143f2d6f25d30f8b88908c6c2531f600cad6981bbfcc4d0ac7295b2933b","animation_recovery_delivery",,
"local_recovery","animation-v1_0\FOOTBALL_ANIMATION_RECOVERY_PACK_v1_0\03_XPLAYABLE\recovered\jinjiewait\bindings.csv","bindings.csv",".csv","16156","2026-09-11T23:27:46","81d8a25674bc53058706e039ef4e4bcf51cb8e74f188721d9025ca66829ff852","animation_recovery_delivery",,
"local_recovery","animation-v1_0\FOOTBALL_ANIMATION_RECOVERY_PACK_v1_0\03_XPLAYABLE\recovered\jinjiewait\constant_f32.bin","constant_f32.bin",".bin","180","2026-09-11T23:27:46","06f3f9cf649c05eae70ba80bfd50b5075989eec1710516d970db9f959351b3b2","animation_recovery_delivery",,
"local_recovery","animation-v1_0\FOOTBALL_ANIMATION_RECOVERY_PACK_v1_0\03_XPLAYABLE\recovered\jinjiewait\dense_f32.bin","dense_f32.bin",".bin","165240","2026-09-11T23:27:46","5269a6c978aafb3074fcd166f1887e2f63f00c950d8a5289edfcba6a4f4c4787","animation_recovery_delivery",,
"local_recovery","animation-v1_0\FOOTBALL_ANIMATION_RECOVERY_PACK_v1_0\03_XPLAYABLE\recovered\jinjiewait\metadata.json","metadata.json",".json","1550","2026-09-11T23:27:46","dbe42af43c14828256df5718f8f4e7a214162ec800921c99f66ce2a462a34ed7","animation_recovery_delivery",,
"local_recovery","animation-v1_0\FOOTBALL_ANIMATION_RECOVERY_PACK_v1_0\03_XPLAYABLE\recovered\jinjiewait\streamed_u32.bin","streamed_u32.bin",".bin","127676","2026-09-11T23:27:46","721b567412ab625e0dcbc76c9120e2c4f8cac3ad758a2808ff7724c533f00a8d","animation_recovery_delivery",,
"local_recovery","animation-v1_0\FOOTBALL_ANIMATION_RECOVERY_PACK_v1_0\03_XPLAYABLE\recovered\levelup_01_1\animationclip_object.bin","animationclip_object.bin",".bin","177688","2026-09-11T23:27:46","6903884a9ff9a27ea29d0261934050f55e76f4a1537608aadd80218ae19f2a19","animation_recovery_delivery",,
"local_recovery","animation-v1_0\FOOTBALL_ANIMATION_RECOVERY_PACK_v1_0\03_XPLAYABLE\recovered\levelup_01_1\bindings.csv","bindings.csv",".csv","16997","2026-09-11T23:27:46","4ce0d98378e23afdf80f7fa2275cca6b0e2c93a5fd5bc2c443273b73b121534f","animation_recovery_delivery",,
"local_recovery","animation-v1_0\FOOTBALL_ANIMATION_RECOVERY_PACK_v1_0\03_XPLAYABLE\recovered\levelup_01_1\constant_f32.bin","constant_f32.bin",".bin","372","2026-09-11T23:27:46","41d1f78710d929bba4829d3cd2e7710942202eee772e75475a342b25425d08c9","animation_recovery_delivery",,
"local_recovery","animation-v1_0\FOOTBALL_ANIMATION_RECOVERY_PACK_v1_0\03_XPLAYABLE\recovered\levelup_01_1\dense_f32.bin","dense_f32.bin",".bin","92016","2026-09-11T23:27:46","45267da89dc88e43dc219e39d5a6343e2842943f217f765665844eca217d8af4","animation_recovery_delivery",,
"local_recovery","animation-v1_0\FOOTBALL_ANIMATION_RECOVERY_PACK_v1_0\03_XPLAYABLE\recovered\levelup_01_1\metadata.json","metadata.json",".json","1650","2026-09-11T23:27:46","d5db6c6127bf6a895802fa826c440c68535675e71b35348b8d1634715fc83fc5","animation_recovery_delivery",,
"local_recovery","animation-v1_0\FOOTBALL_ANIMATION_RECOVERY_PACK_v1_0\03_XPLAYABLE\recovered\levelup_01_1\streamed_u32.bin","streamed_u32.bin",".bin","75780","2026-09-11T23:27:46","3b8668b39c33eccbdfe5ec7c8545e798e18798c8de415e1158e38d8f9fa38d6c","animation_recovery_delivery",,
"local_recovery","animation-v1_0\FOOTBALL_ANIMATION_RECOVERY_PACK_v1_0\03_XPLAYABLE\recovered\levelup_01_2\animationclip_object.bin","animationclip_object.bin",".bin","141328","2026-09-11T23:27:46","fb8b2fc15b3d1c8f98fb17ee0a1f20e57d63562016e3baa32888c302b839215f","animation_recovery_delivery",,
"local_recovery","animation-v1_0\FOOTBALL_ANIMATION_RECOVERY_PACK_v1_0\03_XPLAYABLE\recovered\levelup_01_2\bindings.csv","bindings.csv",".csv","16263","2026-09-11T23:27:46","72741e58de6459ad1d9f3bd92bbb151e915c87665e47fa80770a28f8488d44d1","animation_recovery_delivery",,
"local_recovery","animation-v1_0\FOOTBALL_ANIMATION_RECOVERY_PACK_v1_0\03_XPLAYABLE\recovered\levelup_01_2\constant_f32.bin","constant_f32.bin",".bin","180","2026-09-11T23:27:46","1a2c878ebe877915943b7038169d3f148db53fd88ddacd634130d1d532859fb3","animation_recovery_delivery",,
"local_recovery","animation-v1_0\FOOTBALL_ANIMATION_RECOVERY_PACK_v1_0\03_XPLAYABLE\recovered\levelup_01_2\dense_f32.bin","dense_f32.bin",".bin","60060","2026-09-11T23:27:46","004cadac332c02a03f49a1d7a4dac76d6755ac25bd9f272b7ba81984b64bfe5b","animation_recovery_delivery",,
"local_recovery","animation-v1_0\FOOTBALL_ANIMATION_RECOVERY_PACK_v1_0\03_XPLAYABLE\recovered\levelup_01_2\metadata.json","metadata.json",".json","1578","2026-09-11T23:27:46","8ed8e3545534525a3cda384589ffcef7d1818309e81dbaede402e40bf3920323","animation_recovery_delivery",,
"local_recovery","animation-v1_0\FOOTBALL_ANIMATION_RECOVERY_PACK_v1_0\03_XPLAYABLE\recovered\levelup_01_2\streamed_u32.bin","streamed_u32.bin",".bin","72240","2026-09-11T23:27:46","29ff4356e1007d2af853453a0d20bc8793ff78fae58e907c59e22cb37c514206","animation_recovery_delivery",,
"local_recovery","animation-v1_0\FOOTBALL_ANIMATION_RECOVERY_PACK_v1_0\03_XPLAYABLE\recovered\levelup_01_3\animationclip_object.bin","animationclip_object.bin",".bin","163728","2026-09-11T23:27:46","ebe716dcce17031f89651e7616275e16967a584de8aae128eff0e6eb16f4c03d","animation_recovery_delivery",,
"local_recovery","animation-v1_0\FOOTBALL_ANIMATION_RECOVERY_PACK_v1_0\03_XPLAYABLE\recovered\levelup_01_3\bindings.csv","bindings.csv",".csv","16263","2026-09-11T23:27:46","a49ec176a392060ef6ed67ed6e65c67eb014b23d38bd253f5ebbb4bb6a18967d","animation_recovery_delivery",,
"local_recovery","animation-v1_0\FOOTBALL_ANIMATION_RECOVERY_PACK_v1_0\03_XPLAYABLE\recovered\levelup_01_3\constant_f32.bin","constant_f32.bin",".bin","200","2026-09-11T23:27:46","f5f47577cc376955a28ddcb181f492d215940c5a32f8bb22a0e0cbd1b5d9348d","animation_recovery_delivery",,
"local_recovery","animation-v1_0\FOOTBALL_ANIMATION_RECOVERY_PACK_v1_0\03_XPLAYABLE\recovered\levelup_01_3\dense_f32.bin","dense_f32.bin",".bin","86376","2026-09-11T23:27:46","254a8539c4619cf272808f0ad51711a93af5802e227eb44262c2185a9e24bbff","animation_recovery_delivery",,
"local_recovery","animation-v1_0\FOOTBALL_ANIMATION_RECOVERY_PACK_v1_0\03_XPLAYABLE\recovered\levelup_01_3\metadata.json","metadata.json",".json","1550","2026-09-11T23:27:46","3a2d981a53d51d08e9bcf4204fd43d482ff5a96ae600588045acb7ade5ee9737","animation_recovery_delivery",,
"local_recovery","animation-v1_0\FOOTBALL_ANIMATION_RECOVERY_PACK_v1_0\03_XPLAYABLE\recovered\levelup_01_3\streamed_u32.bin","streamed_u32.bin",".bin","68304","2026-09-11T23:27:46","51041d2f673c30ef0d85b97f84a488f67db64cc89c5fcfac9501239f6edf1a1c","animation_recovery_delivery",,
"local_recovery","animation-v1_0\FOOTBALL_ANIMATION_RECOVERY_PACK_v1_0\03_XPLAYABLE\recovered\levelup_02_1\animationclip_object.bin","animationclip_object.bin",".bin","148864","2026-09-11T23:27:46","bf6d04a4e7418094533d96c00953c6cd5053b5408b57e40d13ce301feb136d39","animation_recovery_delivery",,
"local_recovery","animation-v1_0\FOOTBALL_ANIMATION_RECOVERY_PACK_v1_0\03_XPLAYABLE\recovered\levelup_02_1\bindings.csv","bindings.csv",".csv","16263","2026-09-11T23:27:46","aca98c0b8219fea37e1b84bdedd19418893c9079f68141661304442a323ea21d","animation_recovery_delivery",,
"local_recovery","animation-v1_0\FOOTBALL_ANIMATION_RECOVERY_PACK_v1_0\03_XPLAYABLE\recovered\levelup_02_1\constant_f32.bin","constant_f32.bin",".bin","312","2026-09-11T23:27:46","e478bb3c224aec70f1bf7d2541b5b4364ffd78e4a4892e454e6de27d906bcb98","animation_recovery_delivery",,
"local_recovery","animation-v1_0\FOOTBALL_ANIMATION_RECOVERY_PACK_v1_0\03_XPLAYABLE\recovered\levelup_02_1\dense_f32.bin","dense_f32.bin",".bin","73392","2026-09-11T23:27:46","0680c8736b65a5aa8255caa6ae6f2ef62af685dd07a3dca789c81eea19285313","animation_recovery_delivery",,
"local_recovery","animation-v1_0\FOOTBALL_ANIMATION_RECOVERY_PACK_v1_0\03_XPLAYABLE\recovered\levelup_02_1\metadata.json","metadata.json",".json","1578","2026-09-11T23:27:46","619253d337a0a9857fe6807e6f8b4e32b8e0bb447019bf64c12230b9cba623d2","animation_recovery_delivery",,
"local_recovery","animation-v1_0\FOOTBALL_ANIMATION_RECOVERY_PACK_v1_0\03_XPLAYABLE\recovered\levelup_02_1\streamed_u32.bin","streamed_u32.bin",".bin","66312","2026-09-11T23:27:46","8a5f6734f88f1369de7684382f907f3cfcacd10598b7b6dcc7a92094d083fb9b","animation_recovery_delivery",,
"local_recovery","animation-v1_0\FOOTBALL_ANIMATION_RECOVERY_PACK_v1_0\03_XPLAYABLE\recovered\levelup_02_2\animationclip_object.bin","animationclip_object.bin",".bin","191148","2026-09-11T23:27:46","e8025f899fac7c9a96f7d0a25dca2dddcaee8dde1572a356f3e02c73f0e2359b","animation_recovery_delivery",,
"local_recovery","animation-v1_0\FOOTBALL_ANIMATION_RECOVERY_PACK_v1_0\03_XPLAYABLE\recovered\levelup_02_2\bindings.csv","bindings.csv",".csv","16263","2026-09-11T23:27:46","d6d9c75d1995e9f1603e1f2b49dfb6bf332d0e7eb25a73113fe88133c5efdc2e","animation_recovery_delivery",,
"local_recovery","animation-v1_0\FOOTBALL_ANIMATION_RECOVERY_PACK_v1_0\03_XPLAYABLE\recovered\levelup_02_2\constant_f32.bin","constant_f32.bin",".bin","204","2026-09-11T23:27:46","8e09ef5d5c2d00dfdf9094f5477d2d3f2d76c28df1469c3d2585ef3f0921b85e","animation_recovery_delivery",,
"local_recovery","animation-v1_0\FOOTBALL_ANIMATION_RECOVERY_PACK_v1_0\03_XPLAYABLE\recovered\levelup_02_2\dense_f32.bin","dense_f32.bin",".bin","85860","2026-09-11T23:27:46","6e16762a18cb5b145a9d521e3ff73e31e3dedef9c5c095b54760cf491e9d9c12","animation_recovery_delivery",,
"local_recovery","animation-v1_0\FOOTBALL_ANIMATION_RECOVERY_PACK_v1_0\03_XPLAYABLE\recovered\levelup_02_2\metadata.json","metadata.json",".json","1578","2026-09-11T23:27:46","bf358af2b952a78f2ee81c8d6b7b4a0270f62f63e0e276ec158b970a278c73f3","animation_recovery_delivery",,
"local_recovery","animation-v1_0\FOOTBALL_ANIMATION_RECOVERY_PACK_v1_0\03_XPLAYABLE\recovered\levelup_02_2\streamed_u32.bin","streamed_u32.bin",".bin","96236","2026-09-11T23:27:46","a96520fdc32d9f040a1f6219aca606b2e86275b2f236d2a74eaf11d61e7d9d2d","animation_recovery_delivery",,
"local_recovery","animation-v1_0\FOOTBALL_ANIMATION_RECOVERY_PACK_v1_0\03_XPLAYABLE\recovered\main_idle\animationclip_object.bin","animationclip_object.bin",".bin","353112","2026-09-11T23:27:46","4fa04bfeb6c1047de9ee1790974ed5a6bfba8fbb5807e0a78b9a187e1c659851","animation_recovery_delivery",,
"local_recovery","animation-v1_0\FOOTBALL_ANIMATION_RECOVERY_PACK_v1_0\03_XPLAYABLE\recovered\main_idle\bindings.csv","bindings.csv",".csv","24319","2026-09-11T23:27:46","099d5b9620a71c9b2e315b636f14777a945c14debebce4a8eec2ad43038ebc40","animation_recovery_delivery",,
"local_recovery","animation-v1_0\FOOTBALL_ANIMATION_RECOVERY_PACK_v1_0\03_XPLAYABLE\recovered\main_idle\constant_f32.bin","constant_f32.bin",".bin","1568","2026-09-11T23:27:46","ca99bf7c7026e072b2422a3a87c2fb61cfd79ae261b51d23d87316088aec3a46","animation_recovery_delivery",,
"local_recovery","animation-v1_0\FOOTBALL_ANIMATION_RECOVERY_PACK_v1_0\03_XPLAYABLE\recovered\main_idle\dense_f32.bin","dense_f32.bin",".bin","273768","2026-09-11T23:27:46","8a9ba08009c46fd322672b8c7593ed75e80e9e0fa187e294a27bf44bed39ce48","animation_recovery_delivery",,
"local_recovery","animation-v1_0\FOOTBALL_ANIMATION_RECOVERY_PACK_v1_0\03_XPLAYABLE\recovered\main_idle\metadata.json","metadata.json",".json","1548","2026-09-11T23:27:46","9c9665158bd6dd0a3d82e4ae2730f68fe4aee1e49d1d67c1e8804185fe5ebb70","animation_recovery_delivery",,
"local_recovery","animation-v1_0\FOOTBALL_ANIMATION_RECOVERY_PACK_v1_0\03_XPLAYABLE\recovered\main_idle\streamed_u32.bin","streamed_u32.bin",".bin","65532","2026-09-11T23:27:46","8bfcf12d887d66dc47cf09e4b935c018b1c1ce16249f9ebe8faa2c914557e9fd","animation_recovery_delivery",,
"local_recovery","animation-v1_0\FOOTBALL_ANIMATION_RECOVERY_PACK_v1_0\03_XPLAYABLE\recovered\marseilleturn\animationclip_object.bin","animationclip_object.bin",".bin","278608","2026-09-11T23:27:46","1f8b6fc0f565d5901b813729ca88b879c031f1bec696bc171bf7b56adc492ffb","animation_recovery_delivery",,
"local_recovery","animation-v1_0\FOOTBALL_ANIMATION_RECOVERY_PACK_v1_0\03_XPLAYABLE\recovered\marseilleturn\bindings.csv","bindings.csv",".csv","29500","2026-09-11T23:27:46","29685b4377d648e41b01dba68b4d2eab0b7ec304e6ce5f90ada5ad78cf89dd47","animation_recovery_delivery",,
"local_recovery","animation-v1_0\FOOTBALL_ANIMATION_RECOVERY_PACK_v1_0\03_XPLAYABLE\recovered\marseilleturn\constant_f32.bin","constant_f32.bin",".bin","3464","2026-09-11T23:27:46","e10113750ab76b82cc731f1678477fa7c0f06e0fdcb6db9fd3fc250b1375ae9f","animation_recovery_delivery",,
"local_recovery","animation-v1_0\FOOTBALL_ANIMATION_RECOVERY_PACK_v1_0\03_XPLAYABLE\recovered\marseilleturn\dense_f32.bin","dense_f32.bin",".bin","0","2026-09-11T23:27:46","e3b0c44298fc1c149afbf4c8996fb92427ae41e4649b934ca495991b7852b855","animation_recovery_delivery",,
"local_recovery","animation-v1_0\FOOTBALL_ANIMATION_RECOVERY_PACK_v1_0\03_XPLAYABLE\recovered\marseilleturn\metadata.json","metadata.json",".json","3617","2026-09-11T23:27:46","639383bfba3c225f03855ae9736ba3c9acea5f120a2b9d82b7810c47d398425c","animation_recovery_delivery",,
"local_recovery","animation-v1_0\FOOTBALL_ANIMATION_RECOVERY_PACK_v1_0\03_XPLAYABLE\recovered\marseilleturn\streamed_u32.bin","streamed_u32.bin",".bin","253076","2026-09-11T23:27:46","5ad8fc141974af7d9ea5ef30b4f0c822d4e34bd416ee949f0489f2510bb1e45e","animation_recovery_delivery",,
"local_recovery","animation-v1_0\FOOTBALL_ANIMATION_RECOVERY_PACK_v1_0\03_XPLAYABLE\recovered\match_idle\animationclip_object.bin","animationclip_object.bin",".bin","86528","2026-09-11T23:27:46","1731ad3d7b67b664fe51c061bf960e44a2ce4643dc5326fd74057f6cf0a48dbc","animation_recovery_delivery",,
"local_recovery","animation-v1_0\FOOTBALL_ANIMATION_RECOVERY_PACK_v1_0\03_XPLAYABLE\recovered\match_idle\bindings.csv","bindings.csv",".csv","24013","2026-09-11T23:27:46","a94e255b9179603938e789ddc62d003a709c3d33f494b8c5f3269097e32076b4","animation_recovery_delivery",,
"local_recovery","animation-v1_0\FOOTBALL_ANIMATION_RECOVERY_PACK_v1_0\03_XPLAYABLE\recovered\match_idle\constant_f32.bin","constant_f32.bin",".bin","1644","2026-09-11T23:27:46","9c69086d0d92f9eb0f5454cb4ff81646868f2c34d9e101173c5d31397cc5a399","animation_recovery_delivery",,
"local_recovery","animation-v1_0\FOOTBALL_ANIMATION_RECOVERY_PACK_v1_0\03_XPLAYABLE\recovered\match_idle\dense_f32.bin","dense_f32.bin",".bin","0","2026-09-11T23:27:46","e3b0c44298fc1c149afbf4c8996fb92427ae41e4649b934ca495991b7852b855","animation_recovery_delivery",,
"local_recovery","animation-v1_0\FOOTBALL_ANIMATION_RECOVERY_PACK_v1_0\03_XPLAYABLE\recovered\match_idle\metadata.json","metadata.json",".json","1534","2026-09-11T23:27:46","07f11a790ee63ea44c16e857bfb22219250f41f62189730e189f8e8a568cf8c8","animation_recovery_delivery",,
"local_recovery","animation-v1_0\FOOTBALL_ANIMATION_RECOVERY_PACK_v1_0\03_XPLAYABLE\recovered\match_idle\streamed_u32.bin","streamed_u32.bin",".bin","72968","2026-09-11T23:27:46","bdbf0a938909ed392fda43b3b314bb9d54651a227e34577e56db5e6914563059","animation_recovery_delivery",,
"local_recovery","animation-v1_0\FOOTBALL_ANIMATION_RECOVERY_PACK_v1_0\03_XPLAYABLE\recovered\matching_idlestand_01\animationclip_object.bin","animationclip_object.bin",".bin","509412","2026-09-11T23:27:46","45cb353688923c9881c89ebac38caf06e221e2c6a4d327e0ae0b8da9587a9960","animation_recovery_delivery",,
"local_recovery","animation-v1_0\FOOTBALL_ANIMATION_RECOVERY_PACK_v1_0\03_XPLAYABLE\recovered\matching_idlestand_01\bindings.csv","bindings.csv",".csv","16263","2026-09-11T23:27:46","51eddb6a54dc1ad5cea5d056705ec58d632639101721572d2781841c9702e8bd","animation_recovery_delivery",,
"local_recovery","animation-v1_0\FOOTBALL_ANIMATION_RECOVERY_PACK_v1_0\03_XPLAYABLE\recovered\matching_idlestand_01\constant_f32.bin","constant_f32.bin",".bin","40","2026-09-11T23:27:46","67632c023d0ed1e182a7fae52ce8f780985908203d83c236878eee3cb9417a8a","animation_recovery_delivery",,
"local_recovery","animation-v1_0\FOOTBALL_ANIMATION_RECOVERY_PACK_v1_0\03_XPLAYABLE\recovered\matching_idlestand_01\dense_f32.bin","dense_f32.bin",".bin","0","2026-09-11T23:27:46","e3b0c44298fc1c149afbf4c8996fb92427ae41e4649b934ca495991b7852b855","animation_recovery_delivery",,
"local_recovery","animation-v1_0\FOOTBALL_ANIMATION_RECOVERY_PACK_v1_0\03_XPLAYABLE\recovered\matching_idlestand_01\metadata.json","metadata.json",".json","1569","2026-09-11T23:27:46","4786f953c3be1cf5236e3e5df26a44d6d0769e075c777d2155c4aa800849a4a0","animation_recovery_delivery",,
"local_recovery","animation-v1_0\FOOTBALL_ANIMATION_RECOVERY_PACK_v1_0\03_XPLAYABLE\recovered\matching_idlestand_01\streamed_u32.bin","streamed_u32.bin",".bin","500512","2026-09-11T23:27:46","97a5614650ddd4455dc14563417685ef53d481cda066d88a37884c5e52463d2f","animation_recovery_delivery",,
"local_recovery","animation-v1_0\FOOTBALL_ANIMATION_RECOVERY_PACK_v1_0\03_XPLAYABLE\recovered\matching_idlestand_01_mirror\animationclip_object.bin","animationclip_object.bin",".bin","505708","2026-09-11T23:27:46","958344ed4d9e6c141eac27f6d52cdb94c14a1eb836e9ec9bdc632c6513cdf102","animation_recovery_delivery",,
"local_recovery","animation-v1_0\FOOTBALL_ANIMATION_RECOVERY_PACK_v1_0\03_XPLAYABLE\recovered\matching_idlestand_01_mirror\bindings.csv","bindings.csv",".csv","16263","2026-09-11T23:27:46","d75dbbf4e99cf9b827de575213493a888d3ee2242f3de63cabf560ebec32dbf8","animation_recovery_delivery",,
"local_recovery","animation-v1_0\FOOTBALL_ANIMATION_RECOVERY_PACK_v1_0\03_XPLAYABLE\recovered\matching_idlestand_01_mirror\constant_f32.bin","constant_f32.bin",".bin","52","2026-09-11T23:27:46","b61d51fcdbf35edb3fe7de2d3245dc5f1be5c3c895295c4e3457755373a00d9d","animation_recovery_delivery",,
"local_recovery","animation-v1_0\FOOTBALL_ANIMATION_RECOVERY_PACK_v1_0\03_XPLAYABLE\recovered\matching_idlestand_01_mirror\dense_f32.bin","dense_f32.bin",".bin","0","2026-09-11T23:27:46","e3b0c44298fc1c149afbf4c8996fb92427ae41e4649b934ca495991b7852b855","animation_recovery_delivery",,
"local_recovery","animation-v1_0\FOOTBALL_ANIMATION_RECOVERY_PACK_v1_0\03_XPLAYABLE\recovered\matching_idlestand_01_mirror\metadata.json","metadata.json",".json","1590","2026-09-11T23:27:46","9e12280e02dd1d84517bbb95b84a3835e6bab868bf2eabdd74bd34655bb85d44","animation_recovery_delivery",,
"local_recovery","animation-v1_0\FOOTBALL_ANIMATION_RECOVERY_PACK_v1_0\03_XPLAYABLE\recovered\matching_idlestand_01_mirror\streamed_u32.bin","streamed_u32.bin",".bin","496792","2026-09-11T23:27:47","c5b26c14459aa210dbd15d068ebb7dcf8cbd10b59bde4ab41ea1f0526914bfaf","animation_recovery_delivery",,
"local_recovery","animation-v1_0\FOOTBALL_ANIMATION_RECOVERY_PACK_v1_0\03_XPLAYABLE\recovered\matching_idlestand_02\animationclip_object.bin","animationclip_object.bin",".bin","43976","2026-09-11T23:27:47","0657e7d7744dee9beaf32ccb612842540de96ba45007742dd13c8b9da3cf2325","animation_recovery_delivery",,
"local_recovery","animation-v1_0\FOOTBALL_ANIMATION_RECOVERY_PACK_v1_0\03_XPLAYABLE\recovered\matching_idlestand_02\bindings.csv","bindings.csv",".csv","16263","2026-09-11T23:27:47","8ff72ad713cc59f024e9abd8774fe49133e036bd986688239b21cb36485d39ae","animation_recovery_delivery",,
"local_recovery","animation-v1_0\FOOTBALL_ANIMATION_RECOVERY_PACK_v1_0\03_XPLAYABLE\recovered\matching_idlestand_02\constant_f32.bin","constant_f32.bin",".bin","752","2026-09-11T23:27:47","9deffdc34bcf0982a8445ea89f858180eb7b62241a4f5b11cd207b00d358cf02","animation_recovery_delivery",,
"local_recovery","animation-v1_0\FOOTBALL_ANIMATION_RECOVERY_PACK_v1_0\03_XPLAYABLE\recovered\matching_idlestand_02\dense_f32.bin","dense_f32.bin",".bin","18600","2026-09-11T23:27:47","b4cdeacd1df98d572aea5ccf33b8760bbacc35a69ce2821306b13b585309122f","animation_recovery_delivery",,
"local_recovery","animation-v1_0\FOOTBALL_ANIMATION_RECOVERY_PACK_v1_0\03_XPLAYABLE\recovered\matching_idlestand_02\metadata.json","metadata.json",".json","1570","2026-09-11T23:27:47","cfa91615ecb7206075c4d674e45205749ceb0d51ec13f8c443446194bb4a41ac","animation_recovery_delivery",,
"local_recovery","animation-v1_0\FOOTBALL_ANIMATION_RECOVERY_PACK_v1_0\03_XPLAYABLE\recovered\matching_idlestand_02\streamed_u32.bin","streamed_u32.bin",".bin","15764","2026-09-11T23:27:47","db88a7f715a1677fedc0b9743f1197b4fdbbef4862418f57f2d8e2339c116fcb","animation_recovery_delivery",,
"local_recovery","animation-v1_0\FOOTBALL_ANIMATION_RECOVERY_PACK_v1_0\03_XPLAYABLE\recovered\matching_idlestand_02_mirror\animationclip_object.bin","animationclip_object.bin",".bin","39604","2026-09-11T23:27:47","8ffdef06f392614737ad3be65aee8f69b3102fb8f97fb4f2c52482a9c6f51e59","animation_recovery_delivery",,
"local_recovery","animation-v1_0\FOOTBALL_ANIMATION_RECOVERY_PACK_v1_0\03_XPLAYABLE\recovered\matching_idlestand_02_mirror\bindings.csv","bindings.csv",".csv","16263","2026-09-11T23:27:47","92ae6cafd2d8ee211ced1a41c4388ca5d039ee31a54840cd9828f3064b8526ef","animation_recovery_delivery",,
"local_recovery","animation-v1_0\FOOTBALL_ANIMATION_RECOVERY_PACK_v1_0\03_XPLAYABLE\recovered\matching_idlestand_02_mirror\constant_f32.bin","constant_f32.bin",".bin","976","2026-09-11T23:27:47","b253f9b7baff7bbc6c02bee79f18c1d8c4bfa9c817af523bf2cc0be162504b04","animation_recovery_delivery",,
"local_recovery","animation-v1_0\FOOTBALL_ANIMATION_RECOVERY_PACK_v1_0\03_XPLAYABLE\recovered\matching_idlestand_02_mirror\dense_f32.bin","dense_f32.bin",".bin","18600","2026-09-11T23:27:47","d122c7a7cb2f5f8228d511871dee18296b03fb0562b25becab65e3c5bab97556","animation_recovery_delivery",,
"local_recovery","animation-v1_0\FOOTBALL_ANIMATION_RECOVERY_PACK_v1_0\03_XPLAYABLE\recovered\matching_idlestand_02_mirror\metadata.json","metadata.json",".json","1590","2026-09-11T23:27:47","ebd8ee44d8edd4f5237fd388036d8ccbcd2e1c1f134bbd72d4b0baf7e148b821","animation_recovery_delivery",,
"local_recovery","animation-v1_0\FOOTBALL_ANIMATION_RECOVERY_PACK_v1_0\03_XPLAYABLE\recovered\matching_idlestand_02_mirror\streamed_u32.bin","streamed_u32.bin",".bin","11164","2026-09-11T23:27:47","09244d32c2ebe45344cd4321cdd0c7144e74bbda627ff2a84b9d861da3cb9ff5","animation_recovery_delivery",,
"local_recovery","animation-v1_0\FOOTBALL_ANIMATION_RECOVERY_PACK_v1_0\03_XPLAYABLE\recovered\newbie_show1\animationclip_object.bin","animationclip_object.bin",".bin","191312","2026-09-11T23:27:47","66d8f287820e7c6e86ddbadf1d37743eda3b1547882b40cd3bc5254e058938b6","animation_recovery_delivery",,
"local_recovery","animation-v1_0\FOOTBALL_ANIMATION_RECOVERY_PACK_v1_0\03_XPLAYABLE\recovered\newbie_show1\bindings.csv","bindings.csv",".csv","24013","2026-09-11T23:27:47","ee7dcff2fd40d014b3214f81b9d9074538664b471ce4ebd8698ef6188a03d419","animation_recovery_delivery",,
"local_recovery","animation-v1_0\FOOTBALL_ANIMATION_RECOVERY_PACK_v1_0\03_XPLAYABLE\recovered\newbie_show1\constant_f32.bin","constant_f32.bin",".bin","904","2026-09-11T23:27:47","371ae49ec3a1ae40b24bc5e5eebe862abd4496e772672d6eca38bde019a4d8dc","animation_recovery_delivery",,
"local_recovery","animation-v1_0\FOOTBALL_ANIMATION_RECOVERY_PACK_v1_0\03_XPLAYABLE\recovered\newbie_show1\dense_f32.bin","dense_f32.bin",".bin","90848","2026-09-11T23:27:47","0a02155c6f7327bb647ec8e1a3fd07840d3be988e7263a1309d962b1878dd0d6","animation_recovery_delivery",,
"local_recovery","animation-v1_0\FOOTBALL_ANIMATION_RECOVERY_PACK_v1_0\03_XPLAYABLE\recovered\newbie_show1\metadata.json","metadata.json",".json","1579","2026-09-11T23:27:47","cdf925ebb5ad2e57c5ba7c1a70aad32aac6cb70efb052c65aad198a129a69ecb","animation_recovery_delivery",,
"local_recovery","animation-v1_0\FOOTBALL_ANIMATION_RECOVERY_PACK_v1_0\03_XPLAYABLE\recovered\newbie_show1\streamed_u32.bin","streamed_u32.bin",".bin","87644","2026-09-11T23:27:47","7b761ea8d157e7b89912a57a247625ef35bd7121dbed3a5b21df38ca9528746e","animation_recovery_delivery",,
"local_recovery","animation-v1_0\FOOTBALL_ANIMATION_RECOVERY_PACK_v1_0\03_XPLAYABLE\recovered\newbie_show2\animationclip_object.bin","animationclip_object.bin",".bin","193548","2026-09-11T23:27:47","c8f7e3860f447c2519a08d439b119b1d5baecf4232cc0c7aaef8778ea640b76d","animation_recovery_delivery",,
"local_recovery","animation-v1_0\FOOTBALL_ANIMATION_RECOVERY_PACK_v1_0\03_XPLAYABLE\recovered\newbie_show2\bindings.csv","bindings.csv",".csv","24013","2026-09-11T23:27:47","6a5f23530afeb7d8c706daa0b022b32ce114a0046becdc6bf25e97a0103239ee","animation_recovery_delivery",,
"local_recovery","animation-v1_0\FOOTBALL_ANIMATION_RECOVERY_PACK_v1_0\03_XPLAYABLE\recovered\newbie_show2\constant_f32.bin","constant_f32.bin",".bin","980","2026-09-11T23:27:47","284f6215b2d82534729b58713248660b0f3296d0a99f81af6801408b4a3421e0","animation_recovery_delivery",,
"local_recovery","animation-v1_0\FOOTBALL_ANIMATION_RECOVERY_PACK_v1_0\03_XPLAYABLE\recovered\newbie_show2\dense_f32.bin","dense_f32.bin",".bin","120528","2026-09-11T23:27:47","59a9dfe299923a7b7c1367994a874fca45db27a7e9113397b452676f66d268c9","animation_recovery_delivery",,
"local_recovery","animation-v1_0\FOOTBALL_ANIMATION_RECOVERY_PACK_v1_0\03_XPLAYABLE\recovered\newbie_show2\metadata.json","metadata.json",".json","1579","2026-09-11T23:27:47","9b0f49e661ae51ca12462d885c970581d20be73e45400ec6fd193b880467b4d2","animation_recovery_delivery",,
"local_recovery","animation-v1_0\FOOTBALL_ANIMATION_RECOVERY_PACK_v1_0\03_XPLAYABLE\recovered\newbie_show2\streamed_u32.bin","streamed_u32.bin",".bin","60124","2026-09-11T23:27:47","77f769b8e7918794d48fea1b01259ddf5bd25f72d1b61652868f477beeda6db0","animation_recovery_delivery",,
"local_recovery","animation-v1_0\FOOTBALL_ANIMATION_RECOVERY_PACK_v1_0\03_XPLAYABLE\recovered\passtheball\animationclip_object.bin","animationclip_object.bin",".bin","266196","2026-09-11T23:27:47","89b69b8ddbfdc513dfc730ebf3eda997ae4ac94a012776abb0d17d5836c252cc","animation_recovery_delivery",,
"local_recovery","animation-v1_0\FOOTBALL_ANIMATION_RECOVERY_PACK_v1_0\03_XPLAYABLE\recovered\passtheball\bindings.csv","bindings.csv",".csv","29500","2026-09-11T23:27:47","4227c86a076ed6ed75db2009403030da85c15ca89b4ce708aca074d063abcfb9","animation_recovery_delivery",,
"local_recovery","animation-v1_0\FOOTBALL_ANIMATION_RECOVERY_PACK_v1_0\03_XPLAYABLE\recovered\passtheball\constant_f32.bin","constant_f32.bin",".bin","3448","2026-09-11T23:27:47","30d6e7c4f61d8fe0c2b99936fc8c462d9e9d1958e078ebbf2f6e262d2755f065","animation_recovery_delivery",,
"local_recovery","animation-v1_0\FOOTBALL_ANIMATION_RECOVERY_PACK_v1_0\03_XPLAYABLE\recovered\passtheball\dense_f32.bin","dense_f32.bin",".bin","0","2026-09-11T23:27:47","e3b0c44298fc1c149afbf4c8996fb92427ae41e4649b934ca495991b7852b855","animation_recovery_delivery",,
"local_recovery","animation-v1_0\FOOTBALL_ANIMATION_RECOVERY_PACK_v1_0\03_XPLAYABLE\recovered\passtheball\metadata.json","metadata.json",".json","3611","2026-09-11T23:27:47","028815cbe3985544b97d72580eb17de89261c8834bdb5a664e241a946701457e","animation_recovery_delivery",,
"local_recovery","animation-v1_0\FOOTBALL_ANIMATION_RECOVERY_PACK_v1_0\03_XPLAYABLE\recovered\passtheball\streamed_u32.bin","streamed_u32.bin",".bin","240684","2026-09-11T23:27:47","4e57090f3863fc2589780a9656accb12c1fbaa66127eedf661a7d8b9007fd3d7","animation_recovery_delivery",,
"local_recovery","animation-v1_0\FOOTBALL_ANIMATION_RECOVERY_PACK_v1_0\03_XPLAYABLE\recovered\sala\animationclip_object.bin","animationclip_object.bin",".bin","505684","2026-09-11T23:27:47","9999d6343de28be1fa38d5776e18c736e8c688a9685da479eb5ee65b6ce3eb9c","animation_recovery_delivery",,
"local_recovery","animation-v1_0\FOOTBALL_ANIMATION_RECOVERY_PACK_v1_0\03_XPLAYABLE\recovered\sala\bindings.csv","bindings.csv",".csv","16263","2026-09-11T23:27:47","d75dbbf4e99cf9b827de575213493a888d3ee2242f3de63cabf560ebec32dbf8","animation_recovery_delivery",,
"local_recovery","animation-v1_0\FOOTBALL_ANIMATION_RECOVERY_PACK_v1_0\03_XPLAYABLE\recovered\sala\constant_f32.bin","constant_f32.bin",".bin","52","2026-09-11T23:27:47","b61d51fcdbf35edb3fe7de2d3245dc5f1be5c3c895295c4e3457755373a00d9d","animation_recovery_delivery",,
"local_recovery","animation-v1_0\FOOTBALL_ANIMATION_RECOVERY_PACK_v1_0\03_XPLAYABLE\recovered\sala\dense_f32.bin","dense_f32.bin",".bin","0","2026-09-11T23:27:47","e3b0c44298fc1c149afbf4c8996fb92427ae41e4649b934ca495991b7852b855","animation_recovery_delivery",,
"local_recovery","animation-v1_0\FOOTBALL_ANIMATION_RECOVERY_PACK_v1_0\03_XPLAYABLE\recovered\sala\metadata.json","metadata.json",".json","1518","2026-09-11T23:27:47","7ff5fbc0613f457250174f913e87b0e859c06458240e064730e87c39fe87f001","animation_recovery_delivery",,
"local_recovery","animation-v1_0\FOOTBALL_ANIMATION_RECOVERY_PACK_v1_0\03_XPLAYABLE\recovered\sala\streamed_u32.bin","streamed_u32.bin",".bin","496792","2026-09-11T23:27:47","52c299d98a3dcf48c3eaff55af357392cf2e387683b11512440ff02c5dd7908e","animation_recovery_delivery",,
"local_recovery","animation-v1_0\FOOTBALL_ANIMATION_RECOVERY_PACK_v1_0\03_XPLAYABLE\recovered\sala2\animationclip_object.bin","animationclip_object.bin",".bin","505828","2026-09-11T23:27:47","bf7a231beaa9d5909f3c292aa2bdb14da29d195c2becfbe58580e586a862e0ae","animation_recovery_delivery",,
"local_recovery","animation-v1_0\FOOTBALL_ANIMATION_RECOVERY_PACK_v1_0\03_XPLAYABLE\recovered\sala2\bindings.csv","bindings.csv",".csv","16486","2026-09-11T23:27:47","530d05e98c2bde0a654884330ed9d9a92d741f08dc9e4efc051003bd6555a49e","animation_recovery_delivery",,
"local_recovery","animation-v1_0\FOOTBALL_ANIMATION_RECOVERY_PACK_v1_0\03_XPLAYABLE\recovered\sala2\constant_f32.bin","constant_f32.bin",".bin","80","2026-09-11T23:27:47","18152fd47b209786c2c88bccba7d215b28e1b2e0ac305336f569194750f82ce5","animation_recovery_delivery",,
"local_recovery","animation-v1_0\FOOTBALL_ANIMATION_RECOVERY_PACK_v1_0\03_XPLAYABLE\recovered\sala2\dense_f32.bin","dense_f32.bin",".bin","0","2026-09-11T23:27:47","e3b0c44298fc1c149afbf4c8996fb92427ae41e4649b934ca495991b7852b855","animation_recovery_delivery",,
"local_recovery","animation-v1_0\FOOTBALL_ANIMATION_RECOVERY_PACK_v1_0\03_XPLAYABLE\recovered\sala2\metadata.json","metadata.json",".json","1521","2026-09-11T23:27:47","07c8a5a5a242e58c6bec02eae6a4271b4f575622cff68e1ec7c687715eb5b74d","animation_recovery_delivery",,
"local_recovery","animation-v1_0\FOOTBALL_ANIMATION_RECOVERY_PACK_v1_0\03_XPLAYABLE\recovered\sala2\streamed_u32.bin","streamed_u32.bin",".bin","496792","2026-09-11T23:27:47","b5fb2622a647555116f97590f29bce4ef0224fd0b77b9cd9899246419331bc71","animation_recovery_delivery",,
"local_recovery","animation-v1_0\FOOTBALL_ANIMATION_RECOVERY_PACK_v1_0\03_XPLAYABLE\recovered\share_idle\animationclip_object.bin","animationclip_object.bin",".bin","9808","2026-09-11T23:27:47","73ee48672f210c188182af737c11bb04a468966540f0ef21d6ee3036cda94359","animation_recovery_delivery",,
"local_recovery","animation-v1_0\FOOTBALL_ANIMATION_RECOVERY_PACK_v1_0\03_XPLAYABLE\recovered\share_idle\bindings.csv","bindings.csv",".csv","14988","2026-09-11T23:27:47","5fb8fd6331620222934da509fd91ca8c92fc2311b90cabdb0c1c167ec89f952d","animation_recovery_delivery",,
"local_recovery","animation-v1_0\FOOTBALL_ANIMATION_RECOVERY_PACK_v1_0\03_XPLAYABLE\recovered\share_idle\constant_f32.bin","constant_f32.bin",".bin","1512","2026-09-11T23:27:47","d9a0da84880e196561d41d20dc63e16e9bdf886a3daee8c2b7aac4cb83255427","animation_recovery_delivery",,
"local_recovery","animation-v1_0\FOOTBALL_ANIMATION_RECOVERY_PACK_v1_0\03_XPLAYABLE\recovered\share_idle\dense_f32.bin","dense_f32.bin",".bin","0","2026-09-11T23:27:47","e3b0c44298fc1c149afbf4c8996fb92427ae41e4649b934ca495991b7852b855","animation_recovery_delivery",,
"local_recovery","animation-v1_0\FOOTBALL_ANIMATION_RECOVERY_PACK_v1_0\03_XPLAYABLE\recovered\share_idle\metadata.json","metadata.json",".json","1536","2026-09-11T23:27:48","73223d0e7a20dc871f839a79775f132af3850935f627529f232ec95268f16e92","animation_recovery_delivery",,
"local_recovery","animation-v1_0\FOOTBALL_ANIMATION_RECOVERY_PACK_v1_0\03_XPLAYABLE\recovered\share_idle\streamed_u32.bin","streamed_u32.bin",".bin","8","2026-09-11T23:27:48","22b33dc4183a78ced9d4399483b25bb23ef91f17683f185a11282c24bb09485c","animation_recovery_delivery",,
"local_recovery","animation-v1_0\FOOTBALL_ANIMATION_RECOVERY_PACK_v1_0\03_XPLAYABLE\recovered\shoot\animationclip_object.bin","animationclip_object.bin",".bin","386144","2026-09-11T23:27:48","bcb45278f497844b5be6a09b47ba0566a06e6907c994a12352eb1db9cdf04d09","animation_recovery_delivery",,
"local_recovery","animation-v1_0\FOOTBALL_ANIMATION_RECOVERY_PACK_v1_0\03_XPLAYABLE\recovered\shoot\bindings.csv","bindings.csv",".csv","16263","2026-09-11T23:27:48","d7377c313d03b12db0166df7467f5f90ad13d1d802ba87034f0b1a9461f31169","animation_recovery_delivery",,
"local_recovery","animation-v1_0\FOOTBALL_ANIMATION_RECOVERY_PACK_v1_0\03_XPLAYABLE\recovered\shoot\constant_f32.bin","constant_f32.bin",".bin","144","2026-09-11T23:27:48","4a59f918fd0a982d2fa0e10f3d1ac360dc2a547f700ef68225e85af668b1b562","animation_recovery_delivery",,
"local_recovery","animation-v1_0\FOOTBALL_ANIMATION_RECOVERY_PACK_v1_0\03_XPLAYABLE\recovered\shoot\dense_f32.bin","dense_f32.bin",".bin","0","2026-09-11T23:27:48","e3b0c44298fc1c149afbf4c8996fb92427ae41e4649b934ca495991b7852b855","animation_recovery_delivery",,
"local_recovery","animation-v1_0\FOOTBALL_ANIMATION_RECOVERY_PACK_v1_0\03_XPLAYABLE\recovered\shoot\metadata.json","metadata.json",".json","1549","2026-09-11T23:27:48","26982d58a031c391c09540cdb691a10f137ed86652375484d658a8c0258b537f","animation_recovery_delivery",,
"local_recovery","animation-v1_0\FOOTBALL_ANIMATION_RECOVERY_PACK_v1_0\03_XPLAYABLE\recovered\shoot\streamed_u32.bin","streamed_u32.bin",".bin","377156","2026-09-11T23:27:48","31492b2b27cd10f9906cffe929540acf99901ef7aa6754888bbd081cea0b2c78","animation_recovery_delivery",,
"local_recovery","animation-v1_0\FOOTBALL_ANIMATION_RECOVERY_PACK_v1_0\03_XPLAYABLE\recovered\stepforward\animationclip_object.bin","animationclip_object.bin",".bin","39440","2026-09-11T23:27:48","801032dd47a5d9ba3b83ff8ebec816fe3367b4cf0feb23f38a58c6daba26eab8","animation_recovery_delivery",,
"local_recovery","animation-v1_0\FOOTBALL_ANIMATION_RECOVERY_PACK_v1_0\03_XPLAYABLE\recovered\stepforward\bindings.csv","bindings.csv",".csv","16263","2026-09-11T23:27:48","3701885c678cb4dd55af9821b01f5b7b8dffdf6fc7dccf35f5211adce0bad269","animation_recovery_delivery",,
"local_recovery","animation-v1_0\FOOTBALL_ANIMATION_RECOVERY_PACK_v1_0\03_XPLAYABLE\recovered\stepforward\constant_f32.bin","constant_f32.bin",".bin","712","2026-09-11T23:27:48","1b456e1f1d883ec7c73d3285933811ea2096edff1f58a16b71d53e2d2921935d","animation_recovery_delivery",,
"local_recovery","animation-v1_0\FOOTBALL_ANIMATION_RECOVERY_PACK_v1_0\03_XPLAYABLE\recovered\stepforward\dense_f32.bin","dense_f32.bin",".bin","20664","2026-09-11T23:27:48","7a4271ec302142205a6b8c6df8c4896ff4390733f970283779728b4159abe69a","animation_recovery_delivery",,
"local_recovery","animation-v1_0\FOOTBALL_ANIMATION_RECOVERY_PACK_v1_0\03_XPLAYABLE\recovered\stepforward\metadata.json","metadata.json",".json","1572","2026-09-11T23:27:48","d2923070eb5b5107c5ea455b2018b798163803135546184de618685912f4fdd0","animation_recovery_delivery",,
"local_recovery","animation-v1_0\FOOTBALL_ANIMATION_RECOVERY_PACK_v1_0\03_XPLAYABLE\recovered\stepforward\streamed_u32.bin","streamed_u32.bin",".bin","9216","2026-09-11T23:27:48","2869b6953c6e7562098148c5ca7758bc4678371237eee8a6f265fa796a441968","animation_recovery_delivery",,
"local_recovery","animation-v1_0\FOOTBALL_ANIMATION_RECOVERY_PACK_v1_0\03_XPLAYABLE\recovered\stepforward_stand\animationclip_object.bin","animationclip_object.bin",".bin","1147596","2026-09-11T23:27:48","ae80236a6e2e3e7213d6ed2fd4a7dbb75227c3c050045a97b59cdef810e5dfff","animation_recovery_delivery",,
"local_recovery","animation-v1_0\FOOTBALL_ANIMATION_RECOVERY_PACK_v1_0\03_XPLAYABLE\recovered\stepforward_stand\bindings.csv","bindings.csv",".csv","16997","2026-09-11T23:27:48","b71aae247f2f3e6e2c7cc1a62792149dd5b246ec3f48a632d4a36298782ab86f","animation_recovery_delivery",,
"local_recovery","animation-v1_0\FOOTBALL_ANIMATION_RECOVERY_PACK_v1_0\03_XPLAYABLE\recovered\stepforward_stand\constant_f32.bin","constant_f32.bin",".bin","220","2026-09-11T23:27:48","ca211e46b47ce7203a067cff8eadcce1a8193ed40f8d7fa23579ac022e64453e","animation_recovery_delivery",,
"local_recovery","animation-v1_0\FOOTBALL_ANIMATION_RECOVERY_PACK_v1_0\03_XPLAYABLE\recovered\stepforward_stand\dense_f32.bin","dense_f32.bin",".bin","0","2026-09-11T23:27:48","e3b0c44298fc1c149afbf4c8996fb92427ae41e4649b934ca495991b7852b855","animation_recovery_delivery",,
"local_recovery","animation-v1_0\FOOTBALL_ANIMATION_RECOVERY_PACK_v1_0\03_XPLAYABLE\recovered\stepforward_stand\metadata.json","metadata.json",".json","1662","2026-09-11T23:27:48","58e9282ac428dba7f9cb9d45318d083bee8c3b814dbf948ce4aabe8221b49a35","animation_recovery_delivery",,
"local_recovery","animation-v1_0\FOOTBALL_ANIMATION_RECOVERY_PACK_v1_0\03_XPLAYABLE\recovered\stepforward_stand\streamed_u32.bin","streamed_u32.bin",".bin","1137848","2026-09-11T23:27:48","d7d0935dec8a8374c7f6eb06a366643470e21a61696a2a99506979b764c219c3","animation_recovery_delivery",,
"local_recovery","animation-v1_0\FOOTBALL_ANIMATION_RECOVERY_PACK_v1_0\03_XPLAYABLE\recovered\tackle\animationclip_object.bin","animationclip_object.bin",".bin","464524","2026-09-11T23:27:48","674689ae3d9ecdf036a4a71219904b503128386b02cbe40b55996039cb40ea4d","animation_recovery_delivery",,
"local_recovery","animation-v1_0\FOOTBALL_ANIMATION_RECOVERY_PACK_v1_0\03_XPLAYABLE\recovered\tackle\bindings.csv","bindings.csv",".csv","16263","2026-09-11T23:27:48","d7377c313d03b12db0166df7467f5f90ad13d1d802ba87034f0b1a9461f31169","animation_recovery_delivery",,
"local_recovery","animation-v1_0\FOOTBALL_ANIMATION_RECOVERY_PACK_v1_0\03_XPLAYABLE\recovered\tackle\constant_f32.bin","constant_f32.bin",".bin","144","2026-09-11T23:27:48","1c635de54c8f4d979dd442ad7ef391d98d39ba056a134283a98d0cd2c1a5f4cd","animation_recovery_delivery",,
"local_recovery","animation-v1_0\FOOTBALL_ANIMATION_RECOVERY_PACK_v1_0\03_XPLAYABLE\recovered\tackle\dense_f32.bin","dense_f32.bin",".bin","0","2026-09-11T23:27:48","e3b0c44298fc1c149afbf4c8996fb92427ae41e4649b934ca495991b7852b855","animation_recovery_delivery",,
"local_recovery","animation-v1_0\FOOTBALL_ANIMATION_RECOVERY_PACK_v1_0\03_XPLAYABLE\recovered\tackle\metadata.json","metadata.json",".json","1553","2026-09-11T23:27:48","e5ff72e5e7bba7b0efc781fa956a3e5807ccb7d816c4616ade1de8bb165dbd82","animation_recovery_delivery",,
"local_recovery","animation-v1_0\FOOTBALL_ANIMATION_RECOVERY_PACK_v1_0\03_XPLAYABLE\recovered\tackle\streamed_u32.bin","streamed_u32.bin",".bin","455536","2026-09-11T23:27:48","f69c3c5598186c6e468e65c5f1abd0f28ac6491a092f89165b18bce0d7db14ed","animation_recovery_delivery",,
"local_recovery","animation-v1_0\FOOTBALL_ANIMATION_RECOVERY_PACK_v1_0\03_XPLAYABLE\recovered\tailsofcattle\animationclip_object.bin","animationclip_object.bin",".bin","250064","2026-09-11T23:27:48","b2049716cc74aede551d3bc0ad7ba45ee25f1452378df7dfdc138ff46d20da85","animation_recovery_delivery",,
"local_recovery","animation-v1_0\FOOTBALL_ANIMATION_RECOVERY_PACK_v1_0\03_XPLAYABLE\recovered\tailsofcattle\bindings.csv","bindings.csv",".csv","29500","2026-09-11T23:27:48","996582c384a187a0b34778bfb9ded8d239f875a144558bc23e4d150a49389e96","animation_recovery_delivery",,
"local_recovery","animation-v1_0\FOOTBALL_ANIMATION_RECOVERY_PACK_v1_0\03_XPLAYABLE\recovered\tailsofcattle\constant_f32.bin","constant_f32.bin",".bin","3448","2026-09-11T23:27:48","dc85a6bedfa3390b0c36df1a8d879c57b2e2d9fd72116295452005652340c8fc","animation_recovery_delivery",,
"local_recovery","animation-v1_0\FOOTBALL_ANIMATION_RECOVERY_PACK_v1_0\03_XPLAYABLE\recovered\tailsofcattle\dense_f32.bin","dense_f32.bin",".bin","0","2026-09-11T23:27:48","e3b0c44298fc1c149afbf4c8996fb92427ae41e4649b934ca495991b7852b855","animation_recovery_delivery",,
"local_recovery","animation-v1_0\FOOTBALL_ANIMATION_RECOVERY_PACK_v1_0\03_XPLAYABLE\recovered\tailsofcattle\metadata.json","metadata.json",".json","3617","2026-09-11T23:27:48","54f335ed92fe610cd09e0563493e8729b1b35ae5e354531c8406d36a2fba73aa","animation_recovery_delivery",,
"local_recovery","animation-v1_0\FOOTBALL_ANIMATION_RECOVERY_PACK_v1_0\03_XPLAYABLE\recovered\tailsofcattle\streamed_u32.bin","streamed_u32.bin",".bin","224548","2026-09-11T23:27:48","4175e0a4cbda269e77673ad0ad8fff2324e405916e62fbc0905af6b09c85885c","animation_recovery_delivery",,
"local_recovery","animation-v1_0\FOOTBALL_ANIMATION_RECOVERY_PACK_v1_0\03_XPLAYABLE\recovered\walk\animationclip_object.bin","animationclip_object.bin",".bin","411524","2026-09-11T23:27:48","74184f8e09b8f443af779e6bcf3c73f8c141c80d7617f718627a404244b4e4dd","animation_recovery_delivery",,
"local_recovery","animation-v1_0\FOOTBALL_ANIMATION_RECOVERY_PACK_v1_0\03_XPLAYABLE\recovered\walk\bindings.csv","bindings.csv",".csv","16156","2026-09-11T23:27:48","f17be4627e4c1e64f31ca29932dc8af5abe53227d28cd370b7a38e5c42cba1b3","animation_recovery_delivery",,
"local_recovery","animation-v1_0\FOOTBALL_ANIMATION_RECOVERY_PACK_v1_0\03_XPLAYABLE\recovered\walk\constant_f32.bin","constant_f32.bin",".bin","664","2026-09-11T23:27:48","419f05da6083131d647007787e2b7f25feaf96695cbcceb6184334ebea534ba7","animation_recovery_delivery",,
"local_recovery","animation-v1_0\FOOTBALL_ANIMATION_RECOVERY_PACK_v1_0\03_XPLAYABLE\recovered\walk\dense_f32.bin","dense_f32.bin",".bin","0","2026-09-11T23:27:48","e3b0c44298fc1c149afbf4c8996fb92427ae41e4649b934ca495991b7852b855","animation_recovery_delivery",,
"local_recovery","animation-v1_0\FOOTBALL_ANIMATION_RECOVERY_PACK_v1_0\03_XPLAYABLE\recovered\walk\metadata.json","metadata.json",".json","1531","2026-09-11T23:27:48","c34f2419170d1061fd5133512ac32a075b8f8642867d3517f928928ca9ed0cac","animation_recovery_delivery",,
"local_recovery","animation-v1_0\FOOTBALL_ANIMATION_RECOVERY_PACK_v1_0\03_XPLAYABLE\recovered\walk\streamed_u32.bin","streamed_u32.bin",".bin","402132","2026-09-11T23:27:48","40ebbe520ecc3ab2c59f6199a5ac7c679082f44ac627d32f88442fef5dd56932","animation_recovery_delivery",,
"local_recovery","animation-v1_0\FOOTBALL_ANIMATION_RECOVERY_PACK_v1_0\03_XPLAYABLE\recovered\walk1\animationclip_object.bin","animationclip_object.bin",".bin","290252","2026-09-11T23:27:48","1edb243adb78dc71b3583feb6392b5ae38c7e71d851d2d14fe26c4880381e2be","animation_recovery_delivery",,
"local_recovery","animation-v1_0\FOOTBALL_ANIMATION_RECOVERY_PACK_v1_0\03_XPLAYABLE\recovered\walk1\bindings.csv","bindings.csv",".csv","16261","2026-09-11T23:27:48","9495ae319b7e5d9fa6168b1c3a9164ebd19b84b5ed4b40a2a670995b1b657eab","animation_recovery_delivery",,
"local_recovery","animation-v1_0\FOOTBALL_ANIMATION_RECOVERY_PACK_v1_0\03_XPLAYABLE\recovered\walk1\constant_f32.bin","constant_f32.bin",".bin","664","2026-09-11T23:27:48","4fd403db0ed684493fb6169b4c348302159e7e23c4e69bf06ae07cef865b1cc1","animation_recovery_delivery",,
"local_recovery","animation-v1_0\FOOTBALL_ANIMATION_RECOVERY_PACK_v1_0\03_XPLAYABLE\recovered\walk1\dense_f32.bin","dense_f32.bin",".bin","0","2026-09-11T23:27:48","e3b0c44298fc1c149afbf4c8996fb92427ae41e4649b934ca495991b7852b855","animation_recovery_delivery",,
"local_recovery","animation-v1_0\FOOTBALL_ANIMATION_RECOVERY_PACK_v1_0\03_XPLAYABLE\recovered\walk1\metadata.json","metadata.json",".json","1553","2026-09-11T23:27:48","e8baacee8cb36cc0fbe7f5be55f05dc4ee609f3157731ba24ccb769ae054d587","animation_recovery_delivery",,
"local_recovery","animation-v1_0\FOOTBALL_ANIMATION_RECOVERY_PACK_v1_0\03_XPLAYABLE\recovered\walk1\streamed_u32.bin","streamed_u32.bin",".bin","280744","2026-09-11T23:27:48","171a2678544e91ab32b9b75bd7cec0636445c93b30cadfbd24b1d0b880b875fa","animation_recovery_delivery",,
"local_recovery","animation-v1_0\FOOTBALL_ANIMATION_RECOVERY_PACK_v1_0\03_XPLAYABLE\recovered\walk2\animationclip_object.bin","animationclip_object.bin",".bin","339468","2026-09-11T23:27:48","b69f8e2f66ffe078f21b263189ea5021b0e4ac6805cdf9c6b8140640a557364c","animation_recovery_delivery",,
"local_recovery","animation-v1_0\FOOTBALL_ANIMATION_RECOVERY_PACK_v1_0\03_XPLAYABLE\recovered\walk2\bindings.csv","bindings.csv",".csv","16156","2026-09-11T23:27:48","58d12076fed73d95888ab4dd9ba85dcebabe52611ec4a3f66aee2f1669090542","animation_recovery_delivery",,
"local_recovery","animation-v1_0\FOOTBALL_ANIMATION_RECOVERY_PACK_v1_0\03_XPLAYABLE\recovered\walk2\constant_f32.bin","constant_f32.bin",".bin","144","2026-09-11T23:27:48","d80ceb4dc94d047cbaad7a3cbdaa3d51af5baef314e4f1a5913057b4df7d1de8","animation_recovery_delivery",,
"local_recovery","animation-v1_0\FOOTBALL_ANIMATION_RECOVERY_PACK_v1_0\03_XPLAYABLE\recovered\walk2\dense_f32.bin","dense_f32.bin",".bin","0","2026-09-11T23:27:48","e3b0c44298fc1c149afbf4c8996fb92427ae41e4649b934ca495991b7852b855","animation_recovery_delivery",,
"local_recovery","animation-v1_0\FOOTBALL_ANIMATION_RECOVERY_PACK_v1_0\03_XPLAYABLE\recovered\walk2\metadata.json","metadata.json",".json","1530","2026-09-11T23:27:48","51951e584d4dc397e8ccedd1a38a0a761e993b68c627c3b28a755338f3b40061","animation_recovery_delivery",,
"local_recovery","animation-v1_0\FOOTBALL_ANIMATION_RECOVERY_PACK_v1_0\03_XPLAYABLE\recovered\walk2\streamed_u32.bin","streamed_u32.bin",".bin","330592","2026-09-11T23:27:48","33a6cc7815991d47cf2bca800d51da907d09c1ef48a2107874bf3c651c4729bf","animation_recovery_delivery",,
"local_recovery","animation-v1_0\FOOTBALL_ANIMATION_RECOVERY_PACK_v1_0\03_XPLAYABLE\source\config.json","config.json",".json","8300","2026-09-11T23:27:48","dea17838ace627d758b19514113fe5b7d8b20c4461c002de3669ee6b4b52c4e9","animation_recovery_delivery",,
"local_recovery","animation-v1_0\FOOTBALL_ANIMATION_RECOVERY_PACK_v1_0\03_XPLAYABLE\xplayable_manifest.json","xplayable_manifest.json",".json","82067","2026-09-11T23:27:49","4d4029393a0e3fb8d6932240bd322d5d0dea98619a302d458f43effc6132900a","animation_recovery_delivery",,
"local_recovery","animation-v1_0\FOOTBALL_ANIMATION_RECOVERY_PACK_v1_0\04_SKELETON\BONE_INDEX_MAP.csv","BONE_INDEX_MAP.csv",".csv","3778","2026-09-11T23:27:49","d36834e39b30aee467f1a54dba0581e9f14739d34afbcbda434de25a19628e4d","animation_recovery_delivery",,
"local_recovery","animation-v1_0\FOOTBALL_ANIMATION_RECOVERY_PACK_v1_0\04_SKELETON\SKELETON_HIERARCHY.json","SKELETON_HIERARCHY.json",".json","41533","2026-09-11T23:27:49","708f83d21226c1406cc84e05011acb2b8f281e383391e93dfd335d4d224b7762","animation_recovery_delivery",,
"local_recovery","animation-v1_0\FOOTBALL_ANIMATION_RECOVERY_PACK_v1_0\07_EVIDENCE\cofblendstate_disasm.txt","cofblendstate_disasm.txt",".txt","24131","2026-09-11T23:27:49","8555f4ee631b61bd1a274369714e2ebfe2de5a3809f6cf03860133382799c95d","animation_recovery_delivery",,
"local_recovery","animation-v1_0\FOOTBALL_ANIMATION_RECOVERY_PACK_v1_0\07_EVIDENCE\disasm_controller_helpers.txt","disasm_controller_helpers.txt",".txt","75540","2026-09-11T23:27:49","a9c8cce4b6a53883a3a6a4c170987bf5b7161979f850131ce5cd197609f68431","animation_recovery_delivery",,
"local_recovery","animation-v1_0\FOOTBALL_ANIMATION_RECOVERY_PACK_v1_0\07_EVIDENCE\metadata_buffers.txt","metadata_buffers.txt",".txt","3198","2026-09-11T23:27:49","b0a5a2a12f1bf3d7ac620af6cc1a8884cb1c0e345a33f3a2cbf2023ecb7a1979","animation_recovery_delivery",,
"local_recovery","animation-v1_0\FOOTBALL_ANIMATION_RECOVERY_PACK_v1_0\07_EVIDENCE\metadata_primitives.txt","metadata_primitives.txt",".txt","7412","2026-09-11T23:27:49","fa800b618a973af65a3367a63714bd05e641e79bee54c90395379a14aff96546","animation_recovery_delivery",,
"local_recovery","animation-v1_0\FOOTBALL_ANIMATION_RECOVERY_PACK_v1_0\07_EVIDENCE\metadata_xnum_cof.txt","metadata_xnum_cof.txt",".txt","15401","2026-09-11T23:27:49","ea19aaecb3f09e42976ca6405bfaeca18a2ffdb59072acfb89deffe5735d4b52","animation_recovery_delivery",,
"local_recovery","animation-v1_0\FOOTBALL_ANIMATION_RECOVERY_PACK_v1_0\07_EVIDENCE\primitive_readers_disasm.txt","primitive_readers_disasm.txt",".txt","46727","2026-09-11T23:27:49","17a9b39b4ea2ae7b3e049b31697f6d33b0dff3c07389589a969d0a6dc0cd3d18","animation_recovery_delivery",,
"local_recovery","animation-v1_0\FOOTBALL_ANIMATION_RECOVERY_PACK_v1_0\08_MANIFEST\FILE_SHA256.json","FILE_SHA256.json",".json","317966","2026-09-11T23:27:49","85aad8741730abec21513fa5e4b9d32309d8107254ed52867a3ef06dbabed966","animation_recovery_delivery",,
"local_recovery","animation-v1_0\FOOTBALL_ANIMATION_RECOVERY_PACK_v1_0\08_MANIFEST\SOURCE_ARCHIVE_SHA256.txt","SOURCE_ARCHIVE_SHA256.txt",".txt","95","2026-09-11T23:27:49","fc6666f632d757a8bbabbfe1742d932a7d15bcb5874de2ab84e74defaf3bb951","animation_recovery_delivery",,
"local_recovery","evidence-binding-check\Recovery\Normalized\native_kernel_validation.json","native_kernel_validation.json",".json","5214","2026-09-12T12:08:43","96ca2a57f4dfe41e4b07cce56e16ab9fc2449a3a159932e6dfb6a14c80be308a","supporting_project_material",,
"local_recovery","evidence-binding-check\Recovery\Normalized\native_spmove_branch_validation.json","native_spmove_branch_validation.json",".json","4173","2026-09-12T12:08:43","fbf548a5c63514664ec9acea083dd2358e5813f17575fb9d01f4482c4384c663","supporting_project_material",,
"local_recovery","evidence-binding-check\Recovery\Normalized\native_vector_validation.json","native_vector_validation.json",".json","3483","2026-09-12T12:08:43","19323ad7fb64c2d5934c4d26bf1d206339fee5b881ff70ab9f331f9e10a5b612","supporting_project_material",,
"local_recovery","il2cpp\arithmetic_disassembly.txt","arithmetic_disassembly.txt",".txt","21610","2026-09-12T11:48:26","843971008194e333296bdf5c5785a370866445128d67b1671d59b997f702e402","supporting_project_material",,
"local_recovery","il2cpp\cal_spmove_disassembly.txt","cal_spmove_disassembly.txt",".txt","11515","2026-09-12T00:49:08","be3975d580e4a5a2dedf73a3a29895b822c55e8e5158c5744a5127b7d620f799","supporting_project_material",,
"local_recovery","il2cpp\disassembly_shoot.txt","disassembly_shoot.txt",".txt","141824","2026-09-12T00:26:39","ef1b41f609e49f2d831a16f69b82e227a967c914a4ee3748cfbfbdccd161ba58","supporting_project_material",,
"local_recovery","il2cpp\libil2cpp.so","libil2cpp.so",".so","70602416","2026-09-12T00:23:21","2a3ffe74b6c2d195b54db5b1c2616d289ab19d27426a4c4de041a916c214d496","supporting_project_material",,
"local_recovery","il2cpp\libil2cpp_armeabi_v7a.so","libil2cpp_armeabi_v7a.so",".so","59187808","2026-09-12T00:23:22","8f3fe210960e3fda2ff7982ebe0c3c53c1e6ba464c334440dbfd1d933eb27f65","supporting_project_material",,
"local_recovery","il2cpp\spmove_deserialize_disassembly.txt","spmove_deserialize_disassembly.txt",".txt","8144","2026-09-12T01:11:35","d2fc5e4f7ed99d9b9262a0040259ff6d069e4895c5b4035000e804e2712b271f","supporting_project_material",,
"local_recovery","il2cpp\spmove_inventory_collector_disassembly.txt","spmove_inventory_collector_disassembly.txt",".txt","21561","2026-09-12T12:17:32","f0578023953534d3da021ae43414626bc24e300f6134b6771028ed322dd2ec5b","supporting_project_material",,
"local_recovery","il2cpp\spmove_manager_disassembly.txt","spmove_manager_disassembly.txt",".txt","9415","2026-09-12T01:04:51","a4ee9d49d7de520a69417d7f9c675ba8ff68de5fb09976b3904cbd0cc06dbcd9","supporting_project_material",,
"local_recovery","il2cpp\spmove_runtime_disassembly.txt","spmove_runtime_disassembly.txt",".txt","8846","2026-09-12T01:26:21","c792be12c307425a14ef8f109e74d363f4a52ec017bf7ff5144387c1831df495","supporting_project_material",,
"local_recovery","physics-v0_2\FOOTBALL_PHYSICS_RECOVERY_PACK_v0_2\00_DOCUMENTATION\COLLISION_SCHEMA_CORRECTION.md","COLLISION_SCHEMA_CORRECTION.md",".md","366","2026-09-11T23:26:45","0de5fdc5e7bdb3adfb69df84594d469d979bc7568276548c14ca04298055a117","physics_recovery_delivery",,
"local_recovery","physics-v0_2\FOOTBALL_PHYSICS_RECOVERY_PACK_v0_2\00_DOCUMENTATION\OPEN_QUESTIONS.md","OPEN_QUESTIONS.md",".md","540","2026-09-11T23:26:45","78b5e2384b868ef1f0ff3091d5b8d6a6d6534ae41bc2d4929f599e44b38e1795","physics_recovery_delivery",,
"local_recovery","physics-v0_2\FOOTBALL_PHYSICS_RECOVERY_PACK_v0_2\00_DOCUMENTATION\PHYSICS_RECOVERY_STATUS.md","PHYSICS_RECOVERY_STATUS.md",".md","716","2026-09-11T23:26:45","c96e1e6f51393da96db765b964fb4525aacf95e328fb4994998c98b38bc42705","physics_recovery_delivery",,
"local_recovery","physics-v0_2\FOOTBALL_PHYSICS_RECOVERY_PACK_v0_2\00_DOCUMENTATION\RUNTIME_BRIDGE.md","RUNTIME_BRIDGE.md",".md","520","2026-09-11T23:26:45","e501fb0338588cb90553108f2a9c9d1664860ba17a6e33ac3eaf6913de11af06","physics_recovery_delivery",,
"local_recovery","physics-v0_2\FOOTBALL_PHYSICS_RECOVERY_PACK_v0_2\01_SOURCE\decoded\actionfitdata.bin","actionfitdata.bin",".bin","1084264","2026-09-11T23:26:46","cd54f9a10113084ec96b589562685dedc24da8524b69b2e0d136e4a1b2d0a99e","physics_recovery_delivery",,
"local_recovery","physics-v0_2\FOOTBALL_PHYSICS_RECOVERY_PACK_v0_2\01_SOURCE\decoded\actionfitdata_fixed.bin","actionfitdata_fixed.bin",".bin","19316","2026-09-11T23:26:46","f4e91b6f923d05f49555ef89576cf4bff92958223c658133ad75c33760565800","physics_recovery_delivery",,
"local_recovery","physics-v0_2\FOOTBALL_PHYSICS_RECOVERY_PACK_v0_2\01_SOURCE\decoded\actionspeeddata.bin","actionspeeddata.bin",".bin","24392","2026-09-11T23:26:46","b97defaede41cfb3af1dc4f54c86a21708c2f8306a9014d77a2b879930339999","physics_recovery_delivery",,
"local_recovery","physics-v0_2\FOOTBALL_PHYSICS_RECOVERY_PACK_v0_2\01_SOURCE\decoded\aggravaterotatesmartflippassspeeddata1.bin","aggravaterotatesmartflippassspeeddata1.bin",".bin","237604","2026-09-11T23:26:46","2fdc85ba40df7d5378b5ca3bed0aee6f6d452aa0c74b7ae7ff8899f9102e9b95","physics_recovery_delivery",,
"local_recovery","physics-v0_2\FOOTBALL_PHYSICS_RECOVERY_PACK_v0_2\01_SOURCE\decoded\aggravaterotatesmartflippassspeeddata2.bin","aggravaterotatesmartflippassspeeddata2.bin",".bin","237604","2026-09-11T23:26:46","2fdc85ba40df7d5378b5ca3bed0aee6f6d452aa0c74b7ae7ff8899f9102e9b95","physics_recovery_delivery",,
"local_recovery","physics-v0_2\FOOTBALL_PHYSICS_RECOVERY_PACK_v0_2\01_SOURCE\decoded\attack_shootnogoaldata.bin","attack_shootnogoaldata.bin",".bin","400","2026-09-11T23:26:46","6d65e4142ebad141e3d7379c7a1cc05b4d9a240d5602f0ac2ee9588e691572e2","physics_recovery_delivery",,
"local_recovery","physics-v0_2\FOOTBALL_PHYSICS_RECOVERY_PACK_v0_2\01_SOURCE\decoded\collisiondata.bin","collisiondata.bin",".bin","6226","2026-09-11T23:26:46","19d741570e93969e4d7f554818bdc1497dfbeeb8692a6ada45de918a56a5bcc9","physics_recovery_delivery",,
"local_recovery","physics-v0_2\FOOTBALL_PHYSICS_RECOVERY_PACK_v0_2\01_SOURCE\decoded\dribbleaccelerationdata.bin","dribbleaccelerationdata.bin",".bin","164","2026-09-11T23:26:46","204b86140bfcb730325c1b54cb5d74ddc6385cf195f05ff7cbe9e4336f8f94d9","physics_recovery_delivery",,
"local_recovery","physics-v0_2\FOOTBALL_PHYSICS_RECOVERY_PACK_v0_2\01_SOURCE\decoded\dribbleclosedefencerkickareadata.bin","dribbleclosedefencerkickareadata.bin",".bin","23460","2026-09-11T23:26:46","90d9dc3d2beaa67666594376ffd006f09dc3421bc62979ff502b12cc9016942e","physics_recovery_delivery",,
"local_recovery","physics-v0_2\FOOTBALL_PHYSICS_RECOVERY_PACK_v0_2\01_SOURCE\decoded\dribblecloselinekickareadata.bin","dribblecloselinekickareadata.bin",".bin","261188","2026-09-11T23:26:46","245efa7b2574d7b0cba5b3fb915a0660691010eea35ed946f15115425c7fdcd4","physics_recovery_delivery",,
"local_recovery","physics-v0_2\FOOTBALL_PHYSICS_RECOVERY_PACK_v0_2\01_SOURCE\decoded\dribblectrlspdkickareadata.bin","dribblectrlspdkickareadata.bin",".bin","82548","2026-09-11T23:26:46","003f5a50af57484483ee1373e6f8e5714b16d1a2c254444fd455f84ea17af8c7","physics_recovery_delivery",,
"local_recovery","physics-v0_2\FOOTBALL_PHYSICS_RECOVERY_PACK_v0_2\01_SOURCE\decoded\dribblekickafterfakeareadata.bin","dribblekickafterfakeareadata.bin",".bin","4932","2026-09-11T23:26:46","c411cacf4d2d7bb0816c7ecfe4a73db063533e92c1db9240abccbe52cb2a73ae","physics_recovery_delivery",,
"local_recovery","physics-v0_2\FOOTBALL_PHYSICS_RECOVERY_PACK_v0_2\01_SOURCE\decoded\dribblekickareadata.bin","dribblekickareadata.bin",".bin","2484552","2026-09-11T23:26:46","e7cc372bb234c21ae823a99c91ae554e9dd0802a0cc07fbc28de4fc17ed0c633","physics_recovery_delivery",,
"local_recovery","physics-v0_2\FOOTBALL_PHYSICS_RECOVERY_PACK_v0_2\01_SOURCE\decoded\dribblekickareadatasecond.bin","dribblekickareadatasecond.bin",".bin","6412","2026-09-11T23:26:46","d29fd3f45a0817a3a011840997ee7523ff562d850d3b2081078455c37b498729","physics_recovery_delivery",,
"local_recovery","physics-v0_2\FOOTBALL_PHYSICS_RECOVERY_PACK_v0_2\01_SOURCE\decoded\dribblekicklowfreqareadata.bin","dribblekicklowfreqareadata.bin",".bin","2468","2026-09-11T23:26:46","b82b78c97a6d6075b2e6c3374768468ec6054e727551aa0cd9fefc61fc2b1867","physics_recovery_delivery",,
"local_recovery","physics-v0_2\FOOTBALL_PHYSICS_RECOVERY_PACK_v0_2\01_SOURCE\decoded\dribblekicknoctrlareadata.bin","dribblekicknoctrlareadata.bin",".bin","46820","2026-09-11T23:26:46","bb25967e08422c3630f9a5a2de19b33ab1170e76975c043a3956bd9673ea583a","physics_recovery_delivery",,
"local_recovery","physics-v0_2\FOOTBALL_PHYSICS_RECOVERY_PACK_v0_2\01_SOURCE\decoded\dribblekickstableareadata.bin","dribblekickstableareadata.bin",".bin","9860","2026-09-11T23:26:46","cec09b8620dd69b40aa837294da4a027e516ba89dd0a3a27fb86eb0bbd3b4070","physics_recovery_delivery",,
"local_recovery","physics-v0_2\FOOTBALL_PHYSICS_RECOVERY_PACK_v0_2\01_SOURCE\decoded\dribblekickwithoutspareadata.bin","dribblekickwithoutspareadata.bin",".bin","1236","2026-09-11T23:26:46","52f7ba4c9489e1f0b5ce3636bcda86a7a4f6c129bb68ad5c0f30fb4f3c90550a","physics_recovery_delivery",,
"local_recovery","physics-v0_2\FOOTBALL_PHYSICS_RECOVERY_PACK_v0_2\01_SOURCE\decoded\dribbleprotectkickareadata.bin","dribbleprotectkickareadata.bin",".bin","4932","2026-09-11T23:26:46","c21b5f4ac8b8594583566637efda67aef2793af1c2505ce0e0f2eb63626fe185","physics_recovery_delivery",,
"local_recovery","physics-v0_2\FOOTBALL_PHYSICS_RECOVERY_PACK_v0_2\01_SOURCE\decoded\dribblereactionframe.bin","dribblereactionframe.bin",".bin","110897","2026-09-11T23:26:46","bb973eb2afb28d4eecba78cc07140e3c1fb6ec11cc3c79024859e926a35f8745","physics_recovery_delivery",,
"local_recovery","physics-v0_2\FOOTBALL_PHYSICS_RECOVERY_PACK_v0_2\01_SOURCE\decoded\dribbleshovekickareadata.bin","dribbleshovekickareadata.bin",".bin","13556","2026-09-11T23:26:46","4b82b7c1d71b05fe935e875d11dc865cc9f3bfd4a75e535182c25a02afba1b31","physics_recovery_delivery",,
"local_recovery","physics-v0_2\FOOTBALL_PHYSICS_RECOVERY_PACK_v0_2\01_SOURCE\decoded\dribbleskillkickareadata.bin","dribbleskillkickareadata.bin",".bin","267540","2026-09-11T23:26:46","118c0f608140d1ffeda3bba0fc167ada245d4c44ce04a328e70186972f5f22cc","physics_recovery_delivery",,
"local_recovery","physics-v0_2\FOOTBALL_PHYSICS_RECOVERY_PACK_v0_2\01_SOURCE\decoded\dribbleskillmovescriptdis.bin","dribbleskillmovescriptdis.bin",".bin","2948","2026-09-11T23:26:46","ec436d30d2cee3cedb47322d4e6b77b2f9ec74e43e0c8ca13846a997aaf02938","physics_recovery_delivery",,
"local_recovery","physics-v0_2\FOOTBALL_PHYSICS_RECOVERY_PACK_v0_2\01_SOURCE\decoded\dribbleskillscaleaction.bin","dribbleskillscaleaction.bin",".bin","3236","2026-09-11T23:26:46","dd239227279358873c07212e2a554e88707dfd3c8393dbf7d950b0691f4b45d3","physics_recovery_delivery",,
"local_recovery","physics-v0_2\FOOTBALL_PHYSICS_RECOVERY_PACK_v0_2\01_SOURCE\decoded\dribblespeeddata.bin","dribblespeeddata.bin",".bin","1497604","2026-09-11T23:26:46","00870d2bf1eeda3ae530fb050614ef7ac4460c583fc07455447d92bacd4ce1f5","physics_recovery_delivery",,
"local_recovery","physics-v0_2\FOOTBALL_PHYSICS_RECOVERY_PACK_v0_2\01_SOURCE\decoded\dribblespikekickareadata.bin","dribblespikekickareadata.bin",".bin","25876","2026-09-11T23:26:46","6acb0a00c606923f7677c63016c83d7c2f85d59472262425e48d209c3badda02","physics_recovery_delivery",,
"local_recovery","physics-v0_2\FOOTBALL_PHYSICS_RECOVERY_PACK_v0_2\01_SOURCE\decoded\dribblespikenoctrlkickareadata.bin","dribblespikenoctrlkickareadata.bin",".bin","13556","2026-09-11T23:26:46","d46d60e8092844b3824c5f854c2b4b82e70abedcd9b3504a187c3a076782806b","physics_recovery_delivery",,
"local_recovery","physics-v0_2\FOOTBALL_PHYSICS_RECOVERY_PACK_v0_2\01_SOURCE\decoded\dribblespikeverspeed.bin","dribblespikeverspeed.bin",".bin","324","2026-09-11T23:26:46","b07a70d4cb861498696508d32f3af6aca6399c5e3b0028e55ee23bbc7c8a9847","physics_recovery_delivery",,
"local_recovery","physics-v0_2\FOOTBALL_PHYSICS_RECOVERY_PACK_v0_2\01_SOURCE\decoded\dribblestopareadata.bin","dribblestopareadata.bin",".bin","6164","2026-09-11T23:26:46","452004f67de0ff65e993e2923f1dd92df2ab10b45bb0d95cd824b53c578c7bf4","physics_recovery_delivery",,
"local_recovery","physics-v0_2\FOOTBALL_PHYSICS_RECOVERY_PACK_v0_2\01_SOURCE\decoded\dribbletoattackholdkickareadata.bin","dribbletoattackholdkickareadata.bin",".bin","2468","2026-09-11T23:26:46","8be78e85838ce77efe65b0a6bee6f9396ef0f384d4d668eac78f38f84db12ee9","physics_recovery_delivery",,
"local_recovery","physics-v0_2\FOOTBALL_PHYSICS_RECOVERY_PACK_v0_2\01_SOURCE\decoded\dribbletoattackkickareadata.bin","dribbletoattackkickareadata.bin",".bin","46820","2026-09-11T23:26:46","b95c0bdf480bc5ea3bf6707bf9010c4801784720d1d260c5ff8ae7be0afe9250","physics_recovery_delivery",,
"local_recovery","physics-v0_2\FOOTBALL_PHYSICS_RECOVERY_PACK_v0_2\01_SOURCE\decoded\dribbletotargetkickareadata.bin","dribbletotargetkickareadata.bin",".bin","181108","2026-09-11T23:26:46","d616acb86ce8eeee89cc8186b512c340ce0927abee6790135f83229d94bf454a","physics_recovery_delivery",,
"local_recovery","physics-v0_2\FOOTBALL_PHYSICS_RECOVERY_PACK_v0_2\01_SOURCE\decoded\dribbletrainkickareadata.bin","dribbletrainkickareadata.bin",".bin","8628","2026-09-11T23:26:46","9d4be44fda38efba39a4e0f08948b7491f333ee4e5d5644e1aeaace76037e06d","physics_recovery_delivery",,
"local_recovery","physics-v0_2\FOOTBALL_PHYSICS_RECOVERY_PACK_v0_2\01_SOURCE\decoded\fakeslidetackle.bin","fakeslidetackle.bin",".bin","284","2026-09-11T23:26:46","43c2efe3d387ebe42ed25d0a37b63b4199305cc226b6336d90928fb53ffc5b32","physics_recovery_delivery",,
"local_recovery","physics-v0_2\FOOTBALL_PHYSICS_RECOVERY_PACK_v0_2\01_SOURCE\decoded\fakesteal.bin","fakesteal.bin",".bin","268","2026-09-11T23:26:46","4464ee8d7b6d33948c1207524e16336fa16566259c35783265bb5dadd7623d1f","physics_recovery_delivery",,
"local_recovery","physics-v0_2\FOOTBALL_PHYSICS_RECOVERY_PACK_v0_2\01_SOURCE\decoded\gkcatchballfail.bin","gkcatchballfail.bin",".bin","41412","2026-09-11T23:26:46","163626d163d807288f339434886ea728ec02444408e0e6d78ca7085b38c63f0a","physics_recovery_delivery",,
"local_recovery","physics-v0_2\FOOTBALL_PHYSICS_RECOVERY_PACK_v0_2\01_SOURCE\decoded\gkcatchballmove.bin","gkcatchballmove.bin",".bin","31644","2026-09-11T23:26:46","055fbce67687eb8164ad6d1cc4a91346548b3a7d08a95dedcc78441f743e0b2e","physics_recovery_delivery",,
"local_recovery","physics-v0_2\FOOTBALL_PHYSICS_RECOVERY_PACK_v0_2\01_SOURCE\decoded\gkcatchfailactiondata.bin","gkcatchfailactiondata.bin",".bin","33356","2026-09-11T23:26:46","298d6f8153d747742b98801093860860c3cf7bf904dba4c24a888708d09a57e2","physics_recovery_delivery",,
"local_recovery","physics-v0_2\FOOTBALL_PHYSICS_RECOVERY_PACK_v0_2\01_SOURCE\decoded\gkcatchoffactiondata.bin","gkcatchoffactiondata.bin",".bin","81324","2026-09-11T23:26:46","46c632f4677897f01b5c06a3baa425ee7bcab6299e1bdff85dbc91afba1bb939","physics_recovery_delivery",,
"local_recovery","physics-v0_2\FOOTBALL_PHYSICS_RECOVERY_PACK_v0_2\01_SOURCE\decoded\gkcatchsuccessvalue.bin","gkcatchsuccessvalue.bin",".bin","196","2026-09-11T23:26:46","05110ec8b8ce648fef47a95d28598b5b71b24a46fee10b4060838ca09390e482","physics_recovery_delivery",,
"local_recovery","physics-v0_2\FOOTBALL_PHYSICS_RECOVERY_PACK_v0_2\01_SOURCE\decoded\gkhandthrowspeeddata.bin","gkhandthrowspeeddata.bin",".bin","17684","2026-09-11T23:26:46","9e20e0849d0b152ab11ae9e08b84d37b48e5aeb5c7a7fef19617b0c5ac54ae43","physics_recovery_delivery",,
"local_recovery","physics-v0_2\FOOTBALL_PHYSICS_RECOVERY_PACK_v0_2\01_SOURCE\decoded\gksaveactiondata.bin","gksaveactiondata.bin",".bin","59884","2026-09-11T23:26:46","70ad5b597ac687b798fa32ee4f88d7e4ee1f253cb53b23342702dee6dac8c314","physics_recovery_delivery",,
"local_recovery","physics-v0_2\FOOTBALL_PHYSICS_RECOVERY_PACK_v0_2\01_SOURCE\decoded\gksavepenalty2.bin","gksavepenalty2.bin",".bin","100","2026-09-11T23:26:46","de18726947081ba6429aea1172790458949d70ba2d451d4f829e6334fd14e3b5","physics_recovery_delivery",,
"local_recovery","physics-v0_2\FOOTBALL_PHYSICS_RECOVERY_PACK_v0_2\01_SOURCE\decoded\interceptactiondata.bin","interceptactiondata.bin",".bin","3304","2026-09-11T23:26:46","c50a950a69c728f0ed0904ec943911eebf41ccd9382faf103566b3929b29a2a0","physics_recovery_delivery",,
"local_recovery","physics-v0_2\FOOTBALL_PHYSICS_RECOVERY_PACK_v0_2\01_SOURCE\decoded\interceptactiondatanew.bin","interceptactiondatanew.bin",".bin","1560","2026-09-11T23:26:46","274f18f5ab8d69c1ac5bee54569b61dc1d427e173cd443ca66a38395d4d755a3","physics_recovery_delivery",,
"local_recovery","physics-v0_2\FOOTBALL_PHYSICS_RECOVERY_PACK_v0_2\01_SOURCE\decoded\interceptballactiveactiondata.bin","interceptballactiveactiondata.bin",".bin","1048","2026-09-11T23:26:46","0e0a2fe268507fbdfa33a7c9ade01e1cb0fa57b8d2436732e78ecdef69b9fbf8","physics_recovery_delivery",,
"local_recovery","physics-v0_2\FOOTBALL_PHYSICS_RECOVERY_PACK_v0_2\01_SOURCE\decoded\interceptpassactiondata.bin","interceptpassactiondata.bin",".bin","328","2026-09-11T23:26:46","c89aef4e409bf5381164e0dc633e0f40ad93454c4ed5620241f92c3e149bce58","physics_recovery_delivery",,
"local_recovery","physics-v0_2\FOOTBALL_PHYSICS_RECOVERY_PACK_v0_2\01_SOURCE\decoded\interceptshootactiondata.bin","interceptshootactiondata.bin",".bin","52","2026-09-11T23:26:46","8ddb2e78dd4b4c2cd628347a8732505c358d7b814085bb6bdd2b6250b0f2084a","physics_recovery_delivery",,
"local_recovery","physics-v0_2\FOOTBALL_PHYSICS_RECOVERY_PACK_v0_2\01_SOURCE\decoded\interceptshootactiondatanew.bin","interceptshootactiondatanew.bin",".bin","6520","2026-09-11T23:26:46","4042b1c3a0688e1895cdc77eecf081fca3a8004c7d1842ff22837a23328ab832","physics_recovery_delivery",,
"local_recovery","physics-v0_2\FOOTBALL_PHYSICS_RECOVERY_PACK_v0_2\01_SOURCE\decoded\intercepturgencyactiondata.bin","intercepturgencyactiondata.bin",".bin","312","2026-09-11T23:26:46","ff9949d498e6aba7fa4f8033177017b51f9b7442685eb676f51fdd8dcb846b88","physics_recovery_delivery",,
"local_recovery","physics-v0_2\FOOTBALL_PHYSICS_RECOVERY_PACK_v0_2\01_SOURCE\decoded\nesshoottrainplayerprop.bin","nesshoottrainplayerprop.bin",".bin","68","2026-09-11T23:26:46","df56174b966b299b328ecc49913c05a9489984d5fa20b93ae9f8082b6a4ec6ec","physics_recovery_delivery",,
"local_recovery","physics-v0_2\FOOTBALL_PHYSICS_RECOVERY_PACK_v0_2\01_SOURCE\decoded\nesshoottrainshootprop.bin","nesshoottrainshootprop.bin",".bin","2580988","2026-09-11T23:26:46","059aa29ff549889bfa1dd6470b1791901779e113e7129d5c6f3133d9910b909f","physics_recovery_delivery",,
"local_recovery","physics-v0_2\FOOTBALL_PHYSICS_RECOVERY_PACK_v0_2\01_SOURCE\decoded\passcenterspeeddata.bin","passcenterspeeddata.bin",".bin","37700","2026-09-11T23:26:46","3102ea4b65543d2dfeda1d9ea4d9b42354a078f431e9c75bf45d5b23a9801985","physics_recovery_delivery",,
"local_recovery","physics-v0_2\FOOTBALL_PHYSICS_RECOVERY_PACK_v0_2\01_SOURCE\decoded\passfastspeeddata1.bin","passfastspeeddata1.bin",".bin","347140","2026-09-11T23:26:46","c72a8c7cbdbd303e491bc1702c6f8e595cc7ceb375303179d30307abaf88b49f","physics_recovery_delivery",,
"local_recovery","physics-v0_2\FOOTBALL_PHYSICS_RECOVERY_PACK_v0_2\01_SOURCE\decoded\passfastspeeddata2.bin","passfastspeeddata2.bin",".bin","342148","2026-09-11T23:26:46","29ba9c516c666ad3f610ecdcf53b3d31c10ab88c5fe7f4e2046c19a96f308ada","physics_recovery_delivery",,
"local_recovery","physics-v0_2\FOOTBALL_PHYSICS_RECOVERY_PACK_v0_2\01_SOURCE\decoded\passhighheadspeed.bin","passhighheadspeed.bin",".bin","151204","2026-09-11T23:26:46","f9606246b0cb232f7c20276f231881d9332827ae03d8a3f8dde0c217e76906c7","physics_recovery_delivery",,
"local_recovery","physics-v0_2\FOOTBALL_PHYSICS_RECOVERY_PACK_v0_2\01_SOURCE\decoded\passhighlowpuntbigfoot.bin","passhighlowpuntbigfoot.bin",".bin","38404","2026-09-11T23:26:46","0b4820f65c21dfc2b17b5f602248cfe37e9ea3d52cc74f165bc5d075a36bda6a","physics_recovery_delivery",,
"local_recovery","physics-v0_2\FOOTBALL_PHYSICS_RECOVERY_PACK_v0_2\01_SOURCE\decoded\passhighlowpuntmiddle.bin","passhighlowpuntmiddle.bin",".bin","38404","2026-09-11T23:26:46","b04f0791b50ce654cc7e5bc57d49a0d295f18209cde1846afbf81128bb62a91a","physics_recovery_delivery",,
"local_recovery","physics-v0_2\FOOTBALL_PHYSICS_RECOVERY_PACK_v0_2\01_SOURCE\decoded\passhighspeed.bin","passhighspeed.bin",".bin","140004","2026-09-11T23:26:46","af08d27ff7f50ebc0cadeb804718fad37d29ef4f55ff5fd0ebf0c9a8aa6da3e9","physics_recovery_delivery",,
"local_recovery","physics-v0_2\FOOTBALL_PHYSICS_RECOVERY_PACK_v0_2\01_SOURCE\decoded\passhighspeeddata.bin","passhighspeeddata.bin",".bin","38404","2026-09-11T23:26:46","b3cbceee91d225ec1b2414587405e71d780033997ecdd006daac50e0d337aae2","physics_recovery_delivery",,
"local_recovery","physics-v0_2\FOOTBALL_PHYSICS_RECOVERY_PACK_v0_2\01_SOURCE\decoded\passhighspeeddatabio.bin","passhighspeeddatabio.bin",".bin","11524","2026-09-11T23:26:46","254e75ec31cba2ffe65c564af12d098eef0f492f97d8d5864f38a3fe1531b850","physics_recovery_delivery",,
"local_recovery","physics-v0_2\FOOTBALL_PHYSICS_RECOVERY_PACK_v0_2\01_SOURCE\decoded\passthroughhighspeeddata.bin","passthroughhighspeeddata.bin",".bin","38404","2026-09-11T23:26:46","3bec765f6ce79a5f1e319c1fc53f41cee82f90c2607303aed4cfcf1968a97611","physics_recovery_delivery",,
"local_recovery","physics-v0_2\FOOTBALL_PHYSICS_RECOVERY_PACK_v0_2\01_SOURCE\decoded\passthroughspeeddata1.bin","passthroughspeeddata1.bin",".bin","356404","2026-09-11T23:26:46","4cff6d0da5beefa067a619f3c2c393665cfd237709e2b50ccfc868b6fd352f61","physics_recovery_delivery",,
"local_recovery","physics-v0_2\FOOTBALL_PHYSICS_RECOVERY_PACK_v0_2\01_SOURCE\decoded\passthroughspeeddata2.bin","passthroughspeeddata2.bin",".bin","356404","2026-09-11T23:26:46","4f0a03b18ec05aaef663bfbcb9f89e006216b3e76101e01b20dc2ea376067a14","physics_recovery_delivery",,
"local_recovery","physics-v0_2\FOOTBALL_PHYSICS_RECOVERY_PACK_v0_2\01_SOURCE\decoded\passthroughspeeddataslow1.bin","passthroughspeeddataslow1.bin",".bin","237604","2026-09-11T23:26:46","6ecc94bf47e87730d01bcc53ede5db41602e1dd527a97f6bf0f155e2d1e5cf2e","physics_recovery_delivery",,
"local_recovery","physics-v0_2\FOOTBALL_PHYSICS_RECOVERY_PACK_v0_2\01_SOURCE\decoded\passthroughspeeddataslow2.bin","passthroughspeeddataslow2.bin",".bin","237604","2026-09-11T23:26:46","6ecc94bf47e87730d01bcc53ede5db41602e1dd527a97f6bf0f155e2d1e5cf2e","physics_recovery_delivery",,
"local_recovery","physics-v0_2\FOOTBALL_PHYSICS_RECOVERY_PACK_v0_2\01_SOURCE\decoded\physicshovedata.bin","physicshovedata.bin",".bin","4","2026-09-11T23:26:46","df3f619804a92fdb4057192dc43dd748ea778adc52bc498ce80524c014b81119","physics_recovery_delivery",,
"local_recovery","physics-v0_2\FOOTBALL_PHYSICS_RECOVERY_PACK_v0_2\01_SOURCE\decoded\predictsteal.bin","predictsteal.bin",".bin","848","2026-09-11T23:26:46","d5f82c5d4280fb7696572de95e2f5d732a2c0008f8c24e5047c7c4ab860dfb3c","physics_recovery_delivery",,
"local_recovery","physics-v0_2\FOOTBALL_PHYSICS_RECOVERY_PACK_v0_2\01_SOURCE\decoded\protectdribblechoice.bin","protectdribblechoice.bin",".bin","1084","2026-09-11T23:26:46","57c4b551f0996656eae9be18ecc53923c201affaca06163f25b406f4d6ee4e97","physics_recovery_delivery",,
"local_recovery","physics-v0_2\FOOTBALL_PHYSICS_RECOVERY_PACK_v0_2\01_SOURCE\decoded\protectdribblekickareadata.bin","protectdribblekickareadata.bin",".bin","18484","2026-09-11T23:26:46","be7d3bac57a840667d6299f7fc2e7d8ddbabfd61a641a75314e0d560982cb4bf","physics_recovery_delivery",,
"local_recovery","physics-v0_2\FOOTBALL_PHYSICS_RECOVERY_PACK_v0_2\01_SOURCE\decoded\shootingnogoalactiondata.bin","shootingnogoalactiondata.bin",".bin","990","2026-09-11T23:26:46","ec830c979d9a8b7f370c4a802daf3c8d5f084bc4dd6c768a296e7e00fbf9e7ad","physics_recovery_delivery",,
"local_recovery","physics-v0_2\FOOTBALL_PHYSICS_RECOVERY_PACK_v0_2\01_SOURCE\decoded\shootspeed.bin","shootspeed.bin",".bin","133872","2026-09-11T23:26:46","f437f83465a541bc85f07e1cab655afd59a2fb927233302a40a1d09b6355d0ad","physics_recovery_delivery",,
"local_recovery","physics-v0_2\FOOTBALL_PHYSICS_RECOVERY_PACK_v0_2\01_SOURCE\decoded\slidetackleactiondata.bin","slidetackleactiondata.bin",".bin","340","2026-09-11T23:26:46","12ddf71ac1871f1a8c19061618a8d4d6c3d61c048a92b681801a2f7838bcb664","physics_recovery_delivery",,
"local_recovery","physics-v0_2\FOOTBALL_PHYSICS_RECOVERY_PACK_v0_2\01_SOURCE\decoded\slidetacklefakeactiondata.bin","slidetacklefakeactiondata.bin",".bin","1288","2026-09-11T23:26:46","7bb810e0c894d10fb28223bbd7597248a944c5fd7050c2fce4fe9afb4b14fffe","physics_recovery_delivery",,
"local_recovery","physics-v0_2\FOOTBALL_PHYSICS_RECOVERY_PACK_v0_2\01_SOURCE\decoded\slidetacklegetupdata.bin","slidetacklegetupdata.bin",".bin","844","2026-09-11T23:26:46","8aac0bd3333b665104cc3c333531677303faeca5d4dd5a47ae5a803a699b0778","physics_recovery_delivery",,
"local_recovery","physics-v0_2\FOOTBALL_PHYSICS_RECOVERY_PACK_v0_2\01_SOURCE\decoded\smartflippassspeeddata1.bin","smartflippassspeeddata1.bin",".bin","380164","2026-09-11T23:26:46","652e418bed126c6a857f6861aac9af210cfc2b885ef27e5b8bceba69ab49609e","physics_recovery_delivery",,
"local_recovery","physics-v0_2\FOOTBALL_PHYSICS_RECOVERY_PACK_v0_2\01_SOURCE\decoded\smartflippassspeeddata2.bin","smartflippassspeeddata2.bin",".bin","380164","2026-09-11T23:26:46","a227ca5f73016ead0afe2da99c5e898070eea1838e709d46dd9f5130543dd4d9","physics_recovery_delivery",,
"local_recovery","physics-v0_2\FOOTBALL_PHYSICS_RECOVERY_PACK_v0_2\01_SOURCE\decoded\stealactiondata.bin","stealactiondata.bin",".bin","1540","2026-09-11T23:26:46","3f50db1a7675adc5024cd8b8358ed2a9ba807ee222a81f6a46cf9f1892442440","physics_recovery_delivery",,
"local_recovery","physics-v0_2\FOOTBALL_PHYSICS_RECOVERY_PACK_v0_2\01_SOURCE\decoded\stealactiondirectiondata.bin","stealactiondirectiondata.bin",".bin","1348","2026-09-11T23:26:46","fa7e75898267f3745a181289282c87ec2962439a6a64b5cf22b0d1bd2e246f05","physics_recovery_delivery",,
"local_recovery","physics-v0_2\FOOTBALL_PHYSICS_RECOVERY_PACK_v0_2\01_SOURCE\decoded\stealactionempty.bin","stealactionempty.bin",".bin","644","2026-09-11T23:26:46","9a41f08e5c93cc641d3ea4b72e22c3f39c7747ea9088d6a3a956ef92d57522bb","physics_recovery_delivery",,
"local_recovery","physics-v0_2\FOOTBALL_PHYSICS_RECOVERY_PACK_v0_2\01_SOURCE\decoded\stealspeeddata.bin","stealspeeddata.bin",".bin","46084","2026-09-11T23:26:46","d197586074ca49b5e11184a487e9afeae1f58020a6712d561ed06d7b85fda0f0","physics_recovery_delivery",,
"local_recovery","physics-v0_2\FOOTBALL_PHYSICS_RECOVERY_PACK_v0_2\01_SOURCE\decoded\stopballstopandpassingactiondata.bin","stopballstopandpassingactiondata.bin",".bin","1804","2026-09-11T23:26:46","e3be03e0c099daf7a6dc8759aca68b4c15578abf61784b2862119f7b7914734d","physics_recovery_delivery",,
"local_recovery","physics-v0_2\FOOTBALL_PHYSICS_RECOVERY_PACK_v0_2\01_SOURCE\decoded\waitingforfreekickgkactiondata.bin","waitingforfreekickgkactiondata.bin",".bin","154","2026-09-11T23:26:46","2816fea93a6790de44378f22479a7a5d6efe2598b1234b129c24aad22e37e0ce","physics_recovery_delivery",,
"local_recovery","physics-v0_2\FOOTBALL_PHYSICS_RECOVERY_PACK_v0_2\02_SCHEMA\ActionSpeedDataConfigItemBuffer.deserialize.arm64.txt","ActionSpeedDataConfigItemBuffer.deserialize.arm64.txt",".txt","5983","2026-09-11T23:26:46","e83e1f35f63e193510ef6da8e2888ea2873ef52213843dee4ef4785df8a41301","physics_recovery_delivery",,
"local_recovery","physics-v0_2\FOOTBALL_PHYSICS_RECOVERY_PACK_v0_2\02_SCHEMA\PHYSICS_METADATA_EXTENDED.txt","PHYSICS_METADATA_EXTENDED.txt",".txt","618411","2026-09-11T23:26:46","b48ebec502320b609216a1a4d2f54c18eabb1aa57db7f771d330e53fd092c785","physics_recovery_delivery",,
"local_recovery","physics-v0_2\FOOTBALL_PHYSICS_RECOVERY_PACK_v0_2\02_SCHEMA\PHYSICS_TYPES_METADATA.txt","PHYSICS_TYPES_METADATA.txt",".txt","20818","2026-09-11T23:26:46","aaec51e044bb2474f5f216f7d2126bd48740c12544426881be0ed8e0378ed94b","physics_recovery_delivery",,
"local_recovery","physics-v0_2\FOOTBALL_PHYSICS_RECOVERY_PACK_v0_2\03_PARSED\ACTION_FIT_SURFACES.csv","ACTION_FIT_SURFACES.csv",".csv","1429070","2026-09-11T23:26:46","b2573b537a1a57e541d2f564036c9e28c6a0e99bbc11c1a6b67b01cf3b742e80","physics_recovery_delivery",,
"local_recovery","physics-v0_2\FOOTBALL_PHYSICS_RECOVERY_PACK_v0_2\03_PARSED\COLLISION_RULES.csv","COLLISION_RULES.csv",".csv","5898","2026-09-11T23:26:46","379002cd43a0cc1861a6b21518865eb31736a8a6cf9e9edab2c9696d9add1cd4","physics_recovery_delivery",,
"local_recovery","physics-v0_2\FOOTBALL_PHYSICS_RECOVERY_PACK_v0_2\03_PARSED\PHYSICS_SOURCE_MANIFEST.json","PHYSICS_SOURCE_MANIFEST.json",".json","25014","2026-09-11T23:26:46","987aa2647c98038d0b48ccccb9fe4db4333fb20644433cbddf0a833c9a51af81","physics_recovery_delivery",,
"local_recovery","physics-v0_2\FOOTBALL_PHYSICS_RECOVERY_PACK_v0_2\03_PARSED\SHOOT_SPEED_SUMMARY.csv","SHOOT_SPEED_SUMMARY.csv",".csv","1388","2026-09-11T23:26:46","119272823eabf08eb119343d9fa0e905a18ef9f3c369420cf053ba04a05da4d4","physics_recovery_delivery",,
"local_recovery","physics-v0_2\FOOTBALL_PHYSICS_RECOVERY_PACK_v0_2\03_PARSED\SOURCE_COVERAGE.json","SOURCE_COVERAGE.json",".json","424","2026-09-11T23:26:46","0c2aa33da38d400533f6bb9bfb8c9d5eaf9d150a6ac8365a4c9291c07277d9c5","physics_recovery_delivery",,
"local_recovery","physics-v0_2\FOOTBALL_PHYSICS_RECOVERY_PACK_v0_2\03_PARSED\TABLE_INVENTORY.csv","TABLE_INVENTORY.csv",".csv","6663","2026-09-11T23:26:46","b4220da31a0c95fd7ca7606707d42609d7e9a5f7e5c5c255abaf52359062ff4a","physics_recovery_delivery",,
"local_recovery","physics-v0_2\FOOTBALL_PHYSICS_RECOVERY_PACK_v0_2\04_BRIDGE\ACTION_SPEED_CONTROLLER_MAP.csv","ACTION_SPEED_CONTROLLER_MAP.csv",".csv","61296","2026-09-11T23:26:46","3b92051390c520e01588bb84b868204158bf48c70863131354d7b160f8aae4a6","physics_recovery_delivery",,
"local_recovery","physics-v0_2\FOOTBALL_PHYSICS_RECOVERY_PACK_v0_2\04_BRIDGE\CONTACT_EVENT_CANDIDATES.csv","CONTACT_EVENT_CANDIDATES.csv",".csv","2512598","2026-09-11T23:26:46","22536d712b1ba7c67d184ed81a4e94b64e9860fcd07954f826a4ef90d9f9d88a","physics_recovery_delivery",,
"local_recovery","physics-v0_2\FOOTBALL_PHYSICS_RECOVERY_PACK_v0_2\04_BRIDGE\CONTROLLER_STATS.json","CONTROLLER_STATS.json",".json","1138","2026-09-11T23:26:46","340b0fb8d2d66b524832c1bcae69e48835e926714672978cbdd203d0161c122c","physics_recovery_delivery",,
"local_recovery","physics-v0_2\FOOTBALL_PHYSICS_RECOVERY_PACK_v0_2\04_BRIDGE\PHYSICS_ACTION_PROFILE_INDEX.csv","PHYSICS_ACTION_PROFILE_INDEX.csv",".csv","2412393","2026-09-11T23:26:46","240a4279dcde774126ac0bbdc0f97cb6aeb04e907d583a6ca89f404eb8c0e07b","physics_recovery_delivery",,
"local_recovery","physics-v0_2\FOOTBALL_PHYSICS_RECOVERY_PACK_v0_2\bridge\ACTION_SPEED_CONTROLLER_MAP.csv","ACTION_SPEED_CONTROLLER_MAP.csv",".csv","61296","2026-09-11T23:26:46","3b92051390c520e01588bb84b868204158bf48c70863131354d7b160f8aae4a6","physics_recovery_delivery",,
"local_recovery","physics-v0_2\FOOTBALL_PHYSICS_RECOVERY_PACK_v0_2\bridge\CONTACT_EVENT_CANDIDATES.csv","CONTACT_EVENT_CANDIDATES.csv",".csv","2512598","2026-09-11T23:26:46","22536d712b1ba7c67d184ed81a4e94b64e9860fcd07954f826a4ef90d9f9d88a","physics_recovery_delivery",,
"local_recovery","physics-v0_2\FOOTBALL_PHYSICS_RECOVERY_PACK_v0_2\bridge\CONTROLLER_STATS.json","CONTROLLER_STATS.json",".json","1138","2026-09-11T23:26:46","340b0fb8d2d66b524832c1bcae69e48835e926714672978cbdd203d0161c122c","physics_recovery_delivery",,
"local_recovery","physics-v0_2\FOOTBALL_PHYSICS_RECOVERY_PACK_v0_2\README.md","README.md",".md","1026","2026-09-11T23:26:46","98335828223c80ed2e25ab4fa68f49b759e12c1c09ff6fcfac7705a954f8ef8d","physics_recovery_delivery",,
"local_recovery","physics-v0_2\FOOTBALL_PHYSICS_RECOVERY_PACK_v0_2\RELEASE_MANIFEST.json","RELEASE_MANIFEST.json",".json","66416","2026-09-11T23:26:46","a0dc1d7f763cc5c0e417af7f7af5b8137546491f615e65dbbfba7159323d20dd","physics_recovery_delivery",,
"local_recovery","physics-v0_2\FOOTBALL_PHYSICS_RECOVERY_PACK_v0_2\source\decoded\actionfitdata.bin","actionfitdata.bin",".bin","1084264","2026-09-11T23:26:46","cd54f9a10113084ec96b589562685dedc24da8524b69b2e0d136e4a1b2d0a99e","physics_recovery_delivery",,
"local_recovery","physics-v0_2\FOOTBALL_PHYSICS_RECOVERY_PACK_v0_2\source\decoded\actionfitdata_fixed.bin","actionfitdata_fixed.bin",".bin","19316","2026-09-11T23:26:46","f4e91b6f923d05f49555ef89576cf4bff92958223c658133ad75c33760565800","physics_recovery_delivery",,
"local_recovery","physics-v0_2\FOOTBALL_PHYSICS_RECOVERY_PACK_v0_2\source\decoded\actionspeeddata.bin","actionspeeddata.bin",".bin","24392","2026-09-11T23:26:46","b97defaede41cfb3af1dc4f54c86a21708c2f8306a9014d77a2b879930339999","physics_recovery_delivery",,
"local_recovery","physics-v0_2\FOOTBALL_PHYSICS_RECOVERY_PACK_v0_2\source\decoded\aggravaterotatesmartflippassspeeddata1.bin","aggravaterotatesmartflippassspeeddata1.bin",".bin","237604","2026-09-11T23:26:46","2fdc85ba40df7d5378b5ca3bed0aee6f6d452aa0c74b7ae7ff8899f9102e9b95","physics_recovery_delivery",,
"local_recovery","physics-v0_2\FOOTBALL_PHYSICS_RECOVERY_PACK_v0_2\source\decoded\aggravaterotatesmartflippassspeeddata2.bin","aggravaterotatesmartflippassspeeddata2.bin",".bin","237604","2026-09-11T23:26:46","2fdc85ba40df7d5378b5ca3bed0aee6f6d452aa0c74b7ae7ff8899f9102e9b95","physics_recovery_delivery",,
"local_recovery","physics-v0_2\FOOTBALL_PHYSICS_RECOVERY_PACK_v0_2\source\decoded\attack_shootnogoaldata.bin","attack_shootnogoaldata.bin",".bin","400","2026-09-11T23:26:46","6d65e4142ebad141e3d7379c7a1cc05b4d9a240d5602f0ac2ee9588e691572e2","physics_recovery_delivery",,
"local_recovery","physics-v0_2\FOOTBALL_PHYSICS_RECOVERY_PACK_v0_2\source\decoded\collisiondata.bin","collisiondata.bin",".bin","6226","2026-09-11T23:26:46","19d741570e93969e4d7f554818bdc1497dfbeeb8692a6ada45de918a56a5bcc9","physics_recovery_delivery",,
"local_recovery","physics-v0_2\FOOTBALL_PHYSICS_RECOVERY_PACK_v0_2\source\decoded\dribbleaccelerationdata.bin","dribbleaccelerationdata.bin",".bin","164","2026-09-11T23:26:46","204b86140bfcb730325c1b54cb5d74ddc6385cf195f05ff7cbe9e4336f8f94d9","physics_recovery_delivery",,
"local_recovery","physics-v0_2\FOOTBALL_PHYSICS_RECOVERY_PACK_v0_2\source\decoded\dribbleclosedefencerkickareadata.bin","dribbleclosedefencerkickareadata.bin",".bin","23460","2026-09-11T23:26:46","90d9dc3d2beaa67666594376ffd006f09dc3421bc62979ff502b12cc9016942e","physics_recovery_delivery",,
"local_recovery","physics-v0_2\FOOTBALL_PHYSICS_RECOVERY_PACK_v0_2\source\decoded\dribblecloselinekickareadata.bin","dribblecloselinekickareadata.bin",".bin","261188","2026-09-11T23:26:46","245efa7b2574d7b0cba5b3fb915a0660691010eea35ed946f15115425c7fdcd4","physics_recovery_delivery",,
"local_recovery","physics-v0_2\FOOTBALL_PHYSICS_RECOVERY_PACK_v0_2\source\decoded\dribblectrlspdkickareadata.bin","dribblectrlspdkickareadata.bin",".bin","82548","2026-09-11T23:26:46","003f5a50af57484483ee1373e6f8e5714b16d1a2c254444fd455f84ea17af8c7","physics_recovery_delivery",,
"local_recovery","physics-v0_2\FOOTBALL_PHYSICS_RECOVERY_PACK_v0_2\source\decoded\dribblekickafterfakeareadata.bin","dribblekickafterfakeareadata.bin",".bin","4932","2026-09-11T23:26:46","c411cacf4d2d7bb0816c7ecfe4a73db063533e92c1db9240abccbe52cb2a73ae","physics_recovery_delivery",,
"local_recovery","physics-v0_2\FOOTBALL_PHYSICS_RECOVERY_PACK_v0_2\source\decoded\dribblekickareadata.bin","dribblekickareadata.bin",".bin","2484552","2026-09-11T23:26:46","e7cc372bb234c21ae823a99c91ae554e9dd0802a0cc07fbc28de4fc17ed0c633","physics_recovery_delivery",,
"local_recovery","physics-v0_2\FOOTBALL_PHYSICS_RECOVERY_PACK_v0_2\source\decoded\dribblekickareadatasecond.bin","dribblekickareadatasecond.bin",".bin","6412","2026-09-11T23:26:46","d29fd3f45a0817a3a011840997ee7523ff562d850d3b2081078455c37b498729","physics_recovery_delivery",,
"local_recovery","physics-v0_2\FOOTBALL_PHYSICS_RECOVERY_PACK_v0_2\source\decoded\dribblekicklowfreqareadata.bin","dribblekicklowfreqareadata.bin",".bin","2468","2026-09-11T23:26:46","b82b78c97a6d6075b2e6c3374768468ec6054e727551aa0cd9fefc61fc2b1867","physics_recovery_delivery",,
"local_recovery","physics-v0_2\FOOTBALL_PHYSICS_RECOVERY_PACK_v0_2\source\decoded\dribblekicknoctrlareadata.bin","dribblekicknoctrlareadata.bin",".bin","46820","2026-09-11T23:26:46","bb25967e08422c3630f9a5a2de19b33ab1170e76975c043a3956bd9673ea583a","physics_recovery_delivery",,
"local_recovery","physics-v0_2\FOOTBALL_PHYSICS_RECOVERY_PACK_v0_2\source\decoded\dribblekickstableareadata.bin","dribblekickstableareadata.bin",".bin","9860","2026-09-11T23:26:46","cec09b8620dd69b40aa837294da4a027e516ba89dd0a3a27fb86eb0bbd3b4070","physics_recovery_delivery",,
"local_recovery","physics-v0_2\FOOTBALL_PHYSICS_RECOVERY_PACK_v0_2\source\decoded\dribblekickwithoutspareadata.bin","dribblekickwithoutspareadata.bin",".bin","1236","2026-09-11T23:26:46","52f7ba4c9489e1f0b5ce3636bcda86a7a4f6c129bb68ad5c0f30fb4f3c90550a","physics_recovery_delivery",,
"local_recovery","physics-v0_2\FOOTBALL_PHYSICS_RECOVERY_PACK_v0_2\source\decoded\dribbleprotectkickareadata.bin","dribbleprotectkickareadata.bin",".bin","4932","2026-09-11T23:26:46","c21b5f4ac8b8594583566637efda67aef2793af1c2505ce0e0f2eb63626fe185","physics_recovery_delivery",,
"local_recovery","physics-v0_2\FOOTBALL_PHYSICS_RECOVERY_PACK_v0_2\source\decoded\dribblereactionframe.bin","dribblereactionframe.bin",".bin","110897","2026-09-11T23:26:46","bb973eb2afb28d4eecba78cc07140e3c1fb6ec11cc3c79024859e926a35f8745","physics_recovery_delivery",,
"local_recovery","physics-v0_2\FOOTBALL_PHYSICS_RECOVERY_PACK_v0_2\source\decoded\dribbleshovekickareadata.bin","dribbleshovekickareadata.bin",".bin","13556","2026-09-11T23:26:46","4b82b7c1d71b05fe935e875d11dc865cc9f3bfd4a75e535182c25a02afba1b31","physics_recovery_delivery",,
"local_recovery","physics-v0_2\FOOTBALL_PHYSICS_RECOVERY_PACK_v0_2\source\decoded\dribbleskillkickareadata.bin","dribbleskillkickareadata.bin",".bin","267540","2026-09-11T23:26:46","118c0f608140d1ffeda3bba0fc167ada245d4c44ce04a328e70186972f5f22cc","physics_recovery_delivery",,
"local_recovery","physics-v0_2\FOOTBALL_PHYSICS_RECOVERY_PACK_v0_2\source\decoded\dribbleskillmovescriptdis.bin","dribbleskillmovescriptdis.bin",".bin","2948","2026-09-11T23:26:46","ec436d30d2cee3cedb47322d4e6b77b2f9ec74e43e0c8ca13846a997aaf02938","physics_recovery_delivery",,
"local_recovery","physics-v0_2\FOOTBALL_PHYSICS_RECOVERY_PACK_v0_2\source\decoded\dribbleskillscaleaction.bin","dribbleskillscaleaction.bin",".bin","3236","2026-09-11T23:26:46","dd239227279358873c07212e2a554e88707dfd3c8393dbf7d950b0691f4b45d3","physics_recovery_delivery",,
"local_recovery","physics-v0_2\FOOTBALL_PHYSICS_RECOVERY_PACK_v0_2\source\decoded\dribblespeeddata.bin","dribblespeeddata.bin",".bin","1497604","2026-09-11T23:26:46","00870d2bf1eeda3ae530fb050614ef7ac4460c583fc07455447d92bacd4ce1f5","physics_recovery_delivery",,
"local_recovery","physics-v0_2\FOOTBALL_PHYSICS_RECOVERY_PACK_v0_2\source\decoded\dribblespikekickareadata.bin","dribblespikekickareadata.bin",".bin","25876","2026-09-11T23:26:46","6acb0a00c606923f7677c63016c83d7c2f85d59472262425e48d209c3badda02","physics_recovery_delivery",,
"local_recovery","physics-v0_2\FOOTBALL_PHYSICS_RECOVERY_PACK_v0_2\source\decoded\dribblespikenoctrlkickareadata.bin","dribblespikenoctrlkickareadata.bin",".bin","13556","2026-09-11T23:26:46","d46d60e8092844b3824c5f854c2b4b82e70abedcd9b3504a187c3a076782806b","physics_recovery_delivery",,
"local_recovery","physics-v0_2\FOOTBALL_PHYSICS_RECOVERY_PACK_v0_2\source\decoded\dribblespikeverspeed.bin","dribblespikeverspeed.bin",".bin","324","2026-09-11T23:26:46","b07a70d4cb861498696508d32f3af6aca6399c5e3b0028e55ee23bbc7c8a9847","physics_recovery_delivery",,
"local_recovery","physics-v0_2\FOOTBALL_PHYSICS_RECOVERY_PACK_v0_2\source\decoded\dribblestopareadata.bin","dribblestopareadata.bin",".bin","6164","2026-09-11T23:26:46","452004f67de0ff65e993e2923f1dd92df2ab10b45bb0d95cd824b53c578c7bf4","physics_recovery_delivery",,
"local_recovery","physics-v0_2\FOOTBALL_PHYSICS_RECOVERY_PACK_v0_2\source\decoded\dribbletoattackholdkickareadata.bin","dribbletoattackholdkickareadata.bin",".bin","2468","2026-09-11T23:26:46","8be78e85838ce77efe65b0a6bee6f9396ef0f384d4d668eac78f38f84db12ee9","physics_recovery_delivery",,
"local_recovery","physics-v0_2\FOOTBALL_PHYSICS_RECOVERY_PACK_v0_2\source\decoded\dribbletoattackkickareadata.bin","dribbletoattackkickareadata.bin",".bin","46820","2026-09-11T23:26:46","b95c0bdf480bc5ea3bf6707bf9010c4801784720d1d260c5ff8ae7be0afe9250","physics_recovery_delivery",,
"local_recovery","physics-v0_2\FOOTBALL_PHYSICS_RECOVERY_PACK_v0_2\source\decoded\dribbletotargetkickareadata.bin","dribbletotargetkickareadata.bin",".bin","181108","2026-09-11T23:26:46","d616acb86ce8eeee89cc8186b512c340ce0927abee6790135f83229d94bf454a","physics_recovery_delivery",,
"local_recovery","physics-v0_2\FOOTBALL_PHYSICS_RECOVERY_PACK_v0_2\source\decoded\dribbletrainkickareadata.bin","dribbletrainkickareadata.bin",".bin","8628","2026-09-11T23:26:46","9d4be44fda38efba39a4e0f08948b7491f333ee4e5d5644e1aeaace76037e06d","physics_recovery_delivery",,
"local_recovery","physics-v0_2\FOOTBALL_PHYSICS_RECOVERY_PACK_v0_2\source\decoded\fakeslidetackle.bin","fakeslidetackle.bin",".bin","284","2026-09-11T23:26:46","43c2efe3d387ebe42ed25d0a37b63b4199305cc226b6336d90928fb53ffc5b32","physics_recovery_delivery",,
"local_recovery","physics-v0_2\FOOTBALL_PHYSICS_RECOVERY_PACK_v0_2\source\decoded\fakesteal.bin","fakesteal.bin",".bin","268","2026-09-11T23:26:46","4464ee8d7b6d33948c1207524e16336fa16566259c35783265bb5dadd7623d1f","physics_recovery_delivery",,
"local_recovery","physics-v0_2\FOOTBALL_PHYSICS_RECOVERY_PACK_v0_2\source\decoded\gkcatchballfail.bin","gkcatchballfail.bin",".bin","41412","2026-09-11T23:26:46","163626d163d807288f339434886ea728ec02444408e0e6d78ca7085b38c63f0a","physics_recovery_delivery",,
"local_recovery","physics-v0_2\FOOTBALL_PHYSICS_RECOVERY_PACK_v0_2\source\decoded\gkcatchballmove.bin","gkcatchballmove.bin",".bin","31644","2026-09-11T23:26:46","055fbce67687eb8164ad6d1cc4a91346548b3a7d08a95dedcc78441f743e0b2e","physics_recovery_delivery",,
"local_recovery","physics-v0_2\FOOTBALL_PHYSICS_RECOVERY_PACK_v0_2\source\decoded\gkcatchfailactiondata.bin","gkcatchfailactiondata.bin",".bin","33356","2026-09-11T23:26:46","298d6f8153d747742b98801093860860c3cf7bf904dba4c24a888708d09a57e2","physics_recovery_delivery",,
"local_recovery","physics-v0_2\FOOTBALL_PHYSICS_RECOVERY_PACK_v0_2\source\decoded\gkcatchoffactiondata.bin","gkcatchoffactiondata.bin",".bin","81324","2026-09-11T23:26:46","46c632f4677897f01b5c06a3baa425ee7bcab6299e1bdff85dbc91afba1bb939","physics_recovery_delivery",,
"local_recovery","physics-v0_2\FOOTBALL_PHYSICS_RECOVERY_PACK_v0_2\source\decoded\gkcatchsuccessvalue.bin","gkcatchsuccessvalue.bin",".bin","196","2026-09-11T23:26:46","05110ec8b8ce648fef47a95d28598b5b71b24a46fee10b4060838ca09390e482","physics_recovery_delivery",,
"local_recovery","physics-v0_2\FOOTBALL_PHYSICS_RECOVERY_PACK_v0_2\source\decoded\gkhandthrowspeeddata.bin","gkhandthrowspeeddata.bin",".bin","17684","2026-09-11T23:26:46","9e20e0849d0b152ab11ae9e08b84d37b48e5aeb5c7a7fef19617b0c5ac54ae43","physics_recovery_delivery",,
"local_recovery","physics-v0_2\FOOTBALL_PHYSICS_RECOVERY_PACK_v0_2\source\decoded\gksaveactiondata.bin","gksaveactiondata.bin",".bin","59884","2026-09-11T23:26:46","70ad5b597ac687b798fa32ee4f88d7e4ee1f253cb53b23342702dee6dac8c314","physics_recovery_delivery",,
"local_recovery","physics-v0_2\FOOTBALL_PHYSICS_RECOVERY_PACK_v0_2\source\decoded\gksavepenalty2.bin","gksavepenalty2.bin",".bin","100","2026-09-11T23:26:46","de18726947081ba6429aea1172790458949d70ba2d451d4f829e6334fd14e3b5","physics_recovery_delivery",,
"local_recovery","physics-v0_2\FOOTBALL_PHYSICS_RECOVERY_PACK_v0_2\source\decoded\interceptactiondata.bin","interceptactiondata.bin",".bin","3304","2026-09-11T23:26:46","c50a950a69c728f0ed0904ec943911eebf41ccd9382faf103566b3929b29a2a0","physics_recovery_delivery",,
"local_recovery","physics-v0_2\FOOTBALL_PHYSICS_RECOVERY_PACK_v0_2\source\decoded\interceptactiondatanew.bin","interceptactiondatanew.bin",".bin","1560","2026-09-11T23:26:46","274f18f5ab8d69c1ac5bee54569b61dc1d427e173cd443ca66a38395d4d755a3","physics_recovery_delivery",,
"local_recovery","physics-v0_2\FOOTBALL_PHYSICS_RECOVERY_PACK_v0_2\source\decoded\interceptballactiveactiondata.bin","interceptballactiveactiondata.bin",".bin","1048","2026-09-11T23:26:46","0e0a2fe268507fbdfa33a7c9ade01e1cb0fa57b8d2436732e78ecdef69b9fbf8","physics_recovery_delivery",,
"local_recovery","physics-v0_2\FOOTBALL_PHYSICS_RECOVERY_PACK_v0_2\source\decoded\interceptpassactiondata.bin","interceptpassactiondata.bin",".bin","328","2026-09-11T23:26:46","c89aef4e409bf5381164e0dc633e0f40ad93454c4ed5620241f92c3e149bce58","physics_recovery_delivery",,
"local_recovery","physics-v0_2\FOOTBALL_PHYSICS_RECOVERY_PACK_v0_2\source\decoded\interceptshootactiondata.bin","interceptshootactiondata.bin",".bin","52","2026-09-11T23:26:46","8ddb2e78dd4b4c2cd628347a8732505c358d7b814085bb6bdd2b6250b0f2084a","physics_recovery_delivery",,
"local_recovery","physics-v0_2\FOOTBALL_PHYSICS_RECOVERY_PACK_v0_2\source\decoded\interceptshootactiondatanew.bin","interceptshootactiondatanew.bin",".bin","6520","2026-09-11T23:26:46","4042b1c3a0688e1895cdc77eecf081fca3a8004c7d1842ff22837a23328ab832","physics_recovery_delivery",,
"local_recovery","physics-v0_2\FOOTBALL_PHYSICS_RECOVERY_PACK_v0_2\source\decoded\intercepturgencyactiondata.bin","intercepturgencyactiondata.bin",".bin","312","2026-09-11T23:26:46","ff9949d498e6aba7fa4f8033177017b51f9b7442685eb676f51fdd8dcb846b88","physics_recovery_delivery",,
"local_recovery","physics-v0_2\FOOTBALL_PHYSICS_RECOVERY_PACK_v0_2\source\decoded\nesshoottrainplayerprop.bin","nesshoottrainplayerprop.bin",".bin","68","2026-09-11T23:26:46","df56174b966b299b328ecc49913c05a9489984d5fa20b93ae9f8082b6a4ec6ec","physics_recovery_delivery",,
"local_recovery","physics-v0_2\FOOTBALL_PHYSICS_RECOVERY_PACK_v0_2\source\decoded\nesshoottrainshootprop.bin","nesshoottrainshootprop.bin",".bin","2580988","2026-09-11T23:26:46","059aa29ff549889bfa1dd6470b1791901779e113e7129d5c6f3133d9910b909f","physics_recovery_delivery",,
"local_recovery","physics-v0_2\FOOTBALL_PHYSICS_RECOVERY_PACK_v0_2\source\decoded\passcenterspeeddata.bin","passcenterspeeddata.bin",".bin","37700","2026-09-11T23:26:46","3102ea4b65543d2dfeda1d9ea4d9b42354a078f431e9c75bf45d5b23a9801985","physics_recovery_delivery",,
"local_recovery","physics-v0_2\FOOTBALL_PHYSICS_RECOVERY_PACK_v0_2\source\decoded\passfastspeeddata1.bin","passfastspeeddata1.bin",".bin","347140","2026-09-11T23:26:46","c72a8c7cbdbd303e491bc1702c6f8e595cc7ceb375303179d30307abaf88b49f","physics_recovery_delivery",,
"local_recovery","physics-v0_2\FOOTBALL_PHYSICS_RECOVERY_PACK_v0_2\source\decoded\passfastspeeddata2.bin","passfastspeeddata2.bin",".bin","342148","2026-09-11T23:26:46","29ba9c516c666ad3f610ecdcf53b3d31c10ab88c5fe7f4e2046c19a96f308ada","physics_recovery_delivery",,
"local_recovery","physics-v0_2\FOOTBALL_PHYSICS_RECOVERY_PACK_v0_2\source\decoded\passhighheadspeed.bin","passhighheadspeed.bin",".bin","151204","2026-09-11T23:26:46","f9606246b0cb232f7c20276f231881d9332827ae03d8a3f8dde0c217e76906c7","physics_recovery_delivery",,
"local_recovery","physics-v0_2\FOOTBALL_PHYSICS_RECOVERY_PACK_v0_2\source\decoded\passhighlowpuntbigfoot.bin","passhighlowpuntbigfoot.bin",".bin","38404","2026-09-11T23:26:46","0b4820f65c21dfc2b17b5f602248cfe37e9ea3d52cc74f165bc5d075a36bda6a","physics_recovery_delivery",,
"local_recovery","physics-v0_2\FOOTBALL_PHYSICS_RECOVERY_PACK_v0_2\source\decoded\passhighlowpuntmiddle.bin","passhighlowpuntmiddle.bin",".bin","38404","2026-09-11T23:26:46","b04f0791b50ce654cc7e5bc57d49a0d295f18209cde1846afbf81128bb62a91a","physics_recovery_delivery",,
"local_recovery","physics-v0_2\FOOTBALL_PHYSICS_RECOVERY_PACK_v0_2\source\decoded\passhighspeed.bin","passhighspeed.bin",".bin","140004","2026-09-11T23:26:46","af08d27ff7f50ebc0cadeb804718fad37d29ef4f55ff5fd0ebf0c9a8aa6da3e9","physics_recovery_delivery",,
"local_recovery","physics-v0_2\FOOTBALL_PHYSICS_RECOVERY_PACK_v0_2\source\decoded\passhighspeeddata.bin","passhighspeeddata.bin",".bin","38404","2026-09-11T23:26:46","b3cbceee91d225ec1b2414587405e71d780033997ecdd006daac50e0d337aae2","physics_recovery_delivery",,
"local_recovery","physics-v0_2\FOOTBALL_PHYSICS_RECOVERY_PACK_v0_2\source\decoded\passhighspeeddatabio.bin","passhighspeeddatabio.bin",".bin","11524","2026-09-11T23:26:46","254e75ec31cba2ffe65c564af12d098eef0f492f97d8d5864f38a3fe1531b850","physics_recovery_delivery",,
"local_recovery","physics-v0_2\FOOTBALL_PHYSICS_RECOVERY_PACK_v0_2\source\decoded\passthroughhighspeeddata.bin","passthroughhighspeeddata.bin",".bin","38404","2026-09-11T23:26:46","3bec765f6ce79a5f1e319c1fc53f41cee82f90c2607303aed4cfcf1968a97611","physics_recovery_delivery",,
"local_recovery","physics-v0_2\FOOTBALL_PHYSICS_RECOVERY_PACK_v0_2\source\decoded\passthroughspeeddata1.bin","passthroughspeeddata1.bin",".bin","356404","2026-09-11T23:26:46","4cff6d0da5beefa067a619f3c2c393665cfd237709e2b50ccfc868b6fd352f61","physics_recovery_delivery",,
"local_recovery","physics-v0_2\FOOTBALL_PHYSICS_RECOVERY_PACK_v0_2\source\decoded\passthroughspeeddata2.bin","passthroughspeeddata2.bin",".bin","356404","2026-09-11T23:26:46","4f0a03b18ec05aaef663bfbcb9f89e006216b3e76101e01b20dc2ea376067a14","physics_recovery_delivery",,
"local_recovery","physics-v0_2\FOOTBALL_PHYSICS_RECOVERY_PACK_v0_2\source\decoded\passthroughspeeddataslow1.bin","passthroughspeeddataslow1.bin",".bin","237604","2026-09-11T23:26:46","6ecc94bf47e87730d01bcc53ede5db41602e1dd527a97f6bf0f155e2d1e5cf2e","physics_recovery_delivery",,
"local_recovery","physics-v0_2\FOOTBALL_PHYSICS_RECOVERY_PACK_v0_2\source\decoded\passthroughspeeddataslow2.bin","passthroughspeeddataslow2.bin",".bin","237604","2026-09-11T23:26:46","6ecc94bf47e87730d01bcc53ede5db41602e1dd527a97f6bf0f155e2d1e5cf2e","physics_recovery_delivery",,
"local_recovery","physics-v0_2\FOOTBALL_PHYSICS_RECOVERY_PACK_v0_2\source\decoded\physicshovedata.bin","physicshovedata.bin",".bin","4","2026-09-11T23:26:46","df3f619804a92fdb4057192dc43dd748ea778adc52bc498ce80524c014b81119","physics_recovery_delivery",,
"local_recovery","physics-v0_2\FOOTBALL_PHYSICS_RECOVERY_PACK_v0_2\source\decoded\predictsteal.bin","predictsteal.bin",".bin","848","2026-09-11T23:26:46","d5f82c5d4280fb7696572de95e2f5d732a2c0008f8c24e5047c7c4ab860dfb3c","physics_recovery_delivery",,
"local_recovery","physics-v0_2\FOOTBALL_PHYSICS_RECOVERY_PACK_v0_2\source\decoded\protectdribblechoice.bin","protectdribblechoice.bin",".bin","1084","2026-09-11T23:26:46","57c4b551f0996656eae9be18ecc53923c201affaca06163f25b406f4d6ee4e97","physics_recovery_delivery",,
"local_recovery","physics-v0_2\FOOTBALL_PHYSICS_RECOVERY_PACK_v0_2\source\decoded\protectdribblekickareadata.bin","protectdribblekickareadata.bin",".bin","18484","2026-09-11T23:26:46","be7d3bac57a840667d6299f7fc2e7d8ddbabfd61a641a75314e0d560982cb4bf","physics_recovery_delivery",,
"local_recovery","physics-v0_2\FOOTBALL_PHYSICS_RECOVERY_PACK_v0_2\source\decoded\shootingnogoalactiondata.bin","shootingnogoalactiondata.bin",".bin","990","2026-09-11T23:26:46","ec830c979d9a8b7f370c4a802daf3c8d5f084bc4dd6c768a296e7e00fbf9e7ad","physics_recovery_delivery",,
"local_recovery","physics-v0_2\FOOTBALL_PHYSICS_RECOVERY_PACK_v0_2\source\decoded\shootspeed.bin","shootspeed.bin",".bin","133872","2026-09-11T23:26:46","f437f83465a541bc85f07e1cab655afd59a2fb927233302a40a1d09b6355d0ad","physics_recovery_delivery",,
"local_recovery","physics-v0_2\FOOTBALL_PHYSICS_RECOVERY_PACK_v0_2\source\decoded\slidetackleactiondata.bin","slidetackleactiondata.bin",".bin","340","2026-09-11T23:26:46","12ddf71ac1871f1a8c19061618a8d4d6c3d61c048a92b681801a2f7838bcb664","physics_recovery_delivery",,
"local_recovery","physics-v0_2\FOOTBALL_PHYSICS_RECOVERY_PACK_v0_2\source\decoded\slidetacklefakeactiondata.bin","slidetacklefakeactiondata.bin",".bin","1288","2026-09-11T23:26:46","7bb810e0c894d10fb28223bbd7597248a944c5fd7050c2fce4fe9afb4b14fffe","physics_recovery_delivery",,
"local_recovery","physics-v0_2\FOOTBALL_PHYSICS_RECOVERY_PACK_v0_2\source\decoded\slidetacklegetupdata.bin","slidetacklegetupdata.bin",".bin","844","2026-09-11T23:26:46","8aac0bd3333b665104cc3c333531677303faeca5d4dd5a47ae5a803a699b0778","physics_recovery_delivery",,
"local_recovery","physics-v0_2\FOOTBALL_PHYSICS_RECOVERY_PACK_v0_2\source\decoded\smartflippassspeeddata1.bin","smartflippassspeeddata1.bin",".bin","380164","2026-09-11T23:26:46","652e418bed126c6a857f6861aac9af210cfc2b885ef27e5b8bceba69ab49609e","physics_recovery_delivery",,
"local_recovery","physics-v0_2\FOOTBALL_PHYSICS_RECOVERY_PACK_v0_2\source\decoded\smartflippassspeeddata2.bin","smartflippassspeeddata2.bin",".bin","380164","2026-09-11T23:26:46","a227ca5f73016ead0afe2da99c5e898070eea1838e709d46dd9f5130543dd4d9","physics_recovery_delivery",,
"local_recovery","physics-v0_2\FOOTBALL_PHYSICS_RECOVERY_PACK_v0_2\source\decoded\stealactiondata.bin","stealactiondata.bin",".bin","1540","2026-09-11T23:26:46","3f50db1a7675adc5024cd8b8358ed2a9ba807ee222a81f6a46cf9f1892442440","physics_recovery_delivery",,
"local_recovery","physics-v0_2\FOOTBALL_PHYSICS_RECOVERY_PACK_v0_2\source\decoded\stealactiondirectiondata.bin","stealactiondirectiondata.bin",".bin","1348","2026-09-11T23:26:46","fa7e75898267f3745a181289282c87ec2962439a6a64b5cf22b0d1bd2e246f05","physics_recovery_delivery",,
"local_recovery","physics-v0_2\FOOTBALL_PHYSICS_RECOVERY_PACK_v0_2\source\decoded\stealactionempty.bin","stealactionempty.bin",".bin","644","2026-09-11T23:26:46","9a41f08e5c93cc641d3ea4b72e22c3f39c7747ea9088d6a3a956ef92d57522bb","physics_recovery_delivery",,
"local_recovery","physics-v0_2\FOOTBALL_PHYSICS_RECOVERY_PACK_v0_2\source\decoded\stealspeeddata.bin","stealspeeddata.bin",".bin","46084","2026-09-11T23:26:46","d197586074ca49b5e11184a487e9afeae1f58020a6712d561ed06d7b85fda0f0","physics_recovery_delivery",,
"local_recovery","physics-v0_2\FOOTBALL_PHYSICS_RECOVERY_PACK_v0_2\source\decoded\stopballstopandpassingactiondata.bin","stopballstopandpassingactiondata.bin",".bin","1804","2026-09-11T23:26:46","e3be03e0c099daf7a6dc8759aca68b4c15578abf61784b2862119f7b7914734d","physics_recovery_delivery",,
"local_recovery","physics-v0_2\FOOTBALL_PHYSICS_RECOVERY_PACK_v0_2\source\decoded\waitingforfreekickgkactiondata.bin","waitingforfreekickgkactiondata.bin",".bin","154","2026-09-11T23:26:46","2816fea93a6790de44378f22479a7a5d6efe2598b1234b129c24aad22e37e0ce","physics_recovery_delivery",,
"local_recovery","physics-v0_2\FOOTBALL_PHYSICS_RECOVERY_PACK_v0_2\source\PHYSICS_SOURCE_MANIFEST.json","PHYSICS_SOURCE_MANIFEST.json",".json","25014","2026-09-11T23:26:46","987aa2647c98038d0b48ccccb9fe4db4333fb20644433cbddf0a833c9a51af81","physics_recovery_delivery",,
"local_recovery","recovered-original\FOOTBALL_MOBILE_TO_PC_UNREAL_MASTER_RECOVERY_2026-09-12.zip","FOOTBALL_MOBILE_TO_PC_UNREAL_MASTER_RECOVERY_2026-09-12.zip",".zip","794639566","2026-09-12T23:57:00","4240ae8ff93abcd582b88b65b0e58de0909a9e95ca5197931e6df656b3d3a3e2","master_recovery_or_part","readable_zip","62"
"local_recovery","recovered-original\inventory.txt","inventory.txt",".txt","6454","2026-09-12T23:57:19","7b18a8a12af3c08a999abb2dd5d84c8ae61e5e223f130cbee677362a5deb5bc4","supporting_project_material",,
"local_recovery","recovered-original\part_hashes.json","part_hashes.json",".json","1391","2026-09-12T23:57:09","20ec243172fc33a22214a7627267861f85d8fac95920b72ca026a51e6dd6e3be","supporting_project_material",,
"mobile_1_221_5","GAMEPLAY_CORE_EXTRACT\GAMEPLAY_CORE_INVENTORY.csv","GAMEPLAY_CORE_INVENTORY.csv",".csv","262647","2026-09-11T11:26:54","44f723eda0db526f22e66e8df98998edc547662682e04e211a70cdf52a305574","canonical_mobile_1_221_5",,
"mobile_1_221_5","GAMEPLAY_CORE_EXTRACT\goalconfig.data","goalconfig.data",".data","12141","1981-01-01T01:01:02","08e02fd133a309cd050c2a5112e922bdda50e0f8bac642563a6b28691aef2032","canonical_mobile_1_221_5",,
"mobile_1_221_5","GAMEPLAY_CORE_EXTRACT\LOCAL_SETTINGS\LocalSettings\AvoidPlayerConfig.json","AvoidPlayerConfig.json",".json","288","1981-01-01T01:01:02","80aa99973bc2bdac4eafa0709793fd4ed4e9fbe5027b769f9a37a781dee5e818","canonical_mobile_1_221_5",,
"mobile_1_221_5","GAMEPLAY_CORE_EXTRACT\LOCAL_SETTINGS\LocalSettings\CGoalConfig.json","CGoalConfig.json",".json","664","1981-01-01T01:01:02","f15ec2e3b8299984eaffd942951c8ba4b75250f886781073870ea06f5f07fa1d","canonical_mobile_1_221_5",,
"mobile_1_221_5","GAMEPLAY_CORE_EXTRACT\LOCAL_SETTINGS\LocalSettings\CPlayerConfig.json","CPlayerConfig.json",".json","347","1981-01-01T01:01:02","fd00df788d28ea041f3ec80740d917a97ae28642a1f9559410294e0d4cc45902","canonical_mobile_1_221_5",,
"mobile_1_221_5","GAMEPLAY_CORE_EXTRACT\LOCAL_SETTINGS\LocalSettings\FootballConfig.json","FootballConfig.json",".json","2454","1981-01-01T01:01:02","9981c68e1088657f02dbd8a4b73eba51ed995c476de5999348c118334cb94a32","canonical_mobile_1_221_5",,
"mobile_1_221_5","GAMEPLAY_CORE_EXTRACT\LOCAL_SETTINGS\LocalSettings\PlayerModelConfig.json","PlayerModelConfig.json",".json","1515","1981-01-01T01:01:02","08467be65ebd86a50019ef9198ec7cdc6b5d0ca8579c5add6cf5b2db7757d91f","canonical_mobile_1_221_5",,
"mobile_1_221_5","GAMEPLAY_DATA_CORE.zip","GAMEPLAY_DATA_CORE.zip",".zip","6011040","2026-09-11T11:27:05","f3594c215d562404dd8399d0dd8fbdfdb7f9fe65701e447ce749044f07a098b2","canonical_mobile_1_221_5","readable_zip","1187"
"mobile_1_221_5","GAMEPLAY_MODELS_CORE.zip","GAMEPLAY_MODELS_CORE.zip",".zip","35870211","2026-09-11T11:27:12","b21d4f81fa90b2dea7874e5a16d47f9189b1f7de4096be28cdc4758b2571569a","canonical_mobile_1_221_5","readable_zip","668"
"mobile_1_221_5","UnityStreamingAssetsPack\assets\cofmotions\controller\controller.ctrl","controller.ctrl",".ctrl","990249","1981-01-01T01:01:02","21ab2bcb48ac64f62533a75860bcc4155b214ceb97145912dc0c739876d6b514","canonical_mobile_1_221_5",,
"mobile_1_221_5","UnityStreamingAssetsPack\assets\goalconfig.data","goalconfig.data",".data","12141","1981-01-01T01:01:02","08e02fd133a309cd050c2a5112e922bdda50e0f8bac642563a6b28691aef2032","canonical_mobile_1_221_5",,
"mobile_1_221_5","UnityStreamingAssetsPack\assets\LocalSettings\AvoidPlayerConfig.json","AvoidPlayerConfig.json",".json","288","1981-01-01T01:01:02","80aa99973bc2bdac4eafa0709793fd4ed4e9fbe5027b769f9a37a781dee5e818","canonical_mobile_1_221_5",,
"mobile_1_221_5","UnityStreamingAssetsPack\assets\LocalSettings\CGoalConfig.json","CGoalConfig.json",".json","664","1981-01-01T01:01:02","f15ec2e3b8299984eaffd942951c8ba4b75250f886781073870ea06f5f07fa1d","canonical_mobile_1_221_5",,
"mobile_1_221_5","UnityStreamingAssetsPack\assets\LocalSettings\CPlayerConfig.json","CPlayerConfig.json",".json","347","1981-01-01T01:01:02","fd00df788d28ea041f3ec80740d917a97ae28642a1f9559410294e0d4cc45902","canonical_mobile_1_221_5",,
"mobile_1_221_5","UnityStreamingAssetsPack\assets\LocalSettings\FootballConfig.json","FootballConfig.json",".json","2454","1981-01-01T01:01:02","9981c68e1088657f02dbd8a4b73eba51ed995c476de5999348c118334cb94a32","canonical_mobile_1_221_5",,
"mobile_1_221_5","UnityStreamingAssetsPack\assets\LocalSettings\PlayerModelConfig.json","PlayerModelConfig.json",".json","1515","1981-01-01T01:01:02","08467be65ebd86a50019ef9198ec7cdc6b5d0ca8579c5add6cf5b2db7757d91f","canonical_mobile_1_221_5",,
"mobile_1_221_5","UnityStreamingAssetsPack\assets\matchwalls\new_football_001.data","new_football_001.data",".data","316","1981-01-01T01:01:02","fdb7d7e0b32d7a6743d22ca43da2817ad0c0d4ef550041c97410c22d98709d1a","canonical_mobile_1_221_5",,
"mobile_1_221_5","XPLAYABLE_GAMEPLAY.zip","XPLAYABLE_GAMEPLAY.zip",".zip","10245198","2026-09-11T12:52:55","d43dd4d36e5e59a5858a98281c07177f2b5ab3c01fbb579100dd8c72379b519e","canonical_mobile_1_221_5","readable_zip","41"
"project_local_artifact","part 1 JOGO DE FUTEBOL.zip","part 1 JOGO DE FUTEBOL.zip",".zip","758648","2026-09-13T13:27:46","5048b70b1bf80c242b16f13d6785cac5edd744e22cbf0bba9cc4a10dbc0c2e62","supporting_project_material","readable_zip","271"
